,track_uri,popularity,danceability,energy,loudness,valence,speechiness,instrumentalness,tempo,album,trackName
0,1nM9BUwYIkDbLABWUHjNZH,28,0.49,0.913,-4.004,0.24,0.0468,4.95e-05,112.137,ATTENTION: MILEY LIVE,Like a Prayer - Live
6,4dFKEyGrwmIimMqwYleFOR,64,0.88,0.777,-4.465,0.88,0.256,0.0,132.982,Super Freaky Girl,"Super Freaky Girl (with JT & BIA feat. Katie Got Bandz, Akbar V & Maliibu Mitch) - Queen Mix"
13,65pVi11JqwSZqUuYAqLP36,56,0.718,0.89,-3.798,0.741,0.0553,0.0,111.967,"HELLO Chapter 1: Hello, Stranger",Movie Star
21,45eY7Qi2PDUs8WJEhjGWdN,72,0.808,0.661,-6.237,0.804,0.0395,0.0,107.992,Ramenez la coupe à la maison,Ramenez la coupe à la maison
31,0j55p8YRAPG8yajtNyjt6A,68,0.69,0.621,-3.583,0.497,0.06,2.81e-05,66.858,Hold You,Hold You - Hold Yuh
39,4fsQ0K37TOXa3hEQfjEic1,87,0.882,0.797,-3.299,0.824,0.0819,0.0,105.025,ANTIFRAGILE,ANTIFRAGILE
40,05ib88vsMeLfwlAfrZyz99,73,0.626,0.623,-5.718,0.123,0.0653,0.0,140.209,MAXIDENT,"TASTE (Lee Know, Hyunjin, Felix)"
42,3V8UKqhEK5zBkBb6d6ub8i,77,0.903,0.675,-3.445,0.442,0.214,1.28e-05,96.507,Te Boté (Remix),Te Boté - Remix
44,1IHWl5LamUGEuP4ozKQSXZ,90,0.65,0.715,-5.198,0.187,0.253,0.000291,106.672,Un Verano Sin Ti,Tití Me Preguntó
53,3Hb9kUdm4yf839Fle4RIdT,79,0.828,0.599,-1.624,0.478,0.149,0.0,86.533,Parado no Bailão,Parado no Bailão
57,30cSNer6TV8x2utjULVeQ5,78,0.677,0.671,-4.905,0.527,0.0361,5.07e-05,137.046,A Girl Like Me,SOS
64,69xohKu8C1fsflYAiSNbwM,84,0.724,0.818,-3.747,0.696,0.168,0.0,77.004,Proof,Run BTS
67,2UP7KnRSvc4taXbjOoSX0f,64,0.634,0.9,-2.614,0.623,0.0583,0.0,152.968,TREASURE EP.2: Zero To One,Say My Name
72,3QwiidVHfeE9y5jl4n2MTC,73,0.709,0.809,-3.198,0.788,0.0541,0.0,111.01,SEVENTEEN 4th Album Repackage 'SECTOR 17',_WORLD
77,7lcI4X8RZxK4zIknJcwpBq,65,0.893,0.699,-8.059,0.747,0.0517,3.02e-06,139.972,Bussin,Bussin
79,6iaVgWHDlYxjjvj3PuKSQX,57,0.607,0.95,-4.134,0.458,0.249,1.86e-06,145.101,TREASURE EP.FIN: All To Action,WIN
84,0ARKW62l9uWIDYMZTUmJHF,78,0.82,0.686,-5.102,0.668,0.038,0.0,110.058,BORN PINK,Shut Down
86,7uJH0YdSZL6psjxI6Xy08b,76,0.372,0.478,-9.835,0.254,0.0503,0.0,101.102,Beauty Behind The Madness,Acquainted
91,7t2bFihaDvhIrd2gn2CWJO,81,0.805,0.33,-8.712,0.211,0.1,0.0,121.97,"Or Nah (feat. The Weeknd, Wiz Khalifa & DJ Mustard) [Remix]","Or Nah (feat. The Weeknd, Wiz Khalifa & DJ Mustard) - Remix"
95,6PRy17C5LiiN7VCLS6IA98,72,0.658,0.9,-3.479,0.526,0.264,0.0,156.096,MANIFESTO : DAY 1,Future Perfect (Pass the MIC)
98,0a4MMyCrzT0En247IhqZbD,88,0.593,0.935,-3.43,0.783,0.225,0.0,99.976,NewJeans 1st EP 'New Jeans',Hype Boy
99,63mL1DdcSFfxVJ9XGnSRQz,67,0.778,0.8,-3.529,0.585,0.227,0.0,137.997,BETWEEN 1&2,Basics
102,5eJpwQyirY5EEdNadHKRAM,67,0.683,0.799,-5.923,0.752,0.3,0.0,145.128,Meet The Woo 2,Mannequin (feat. Lil Tjay)
104,1lUNlmwyhsJy6kXmmrO11t,65,0.509,0.83,-4.446,0.83,0.0742,0.00263,174.009,As It Was - Spotify Singles,As It Was - Spotify Singles
106,1IZGMPe57hATuLJgmMR4eP,58,0.669,0.687,-5.782,0.335,0.12,0.0,91.969,KHALED KHALED,"BODY IN MOTION (feat. Bryson Tiller, Lil Baby & Roddy Ricch)"
108,3dPtXHP0oXQ4HCWHsOA9js,75,0.67,0.874,-5.221,0.789,0.0305,1.72e-05,130.041,夜に駆ける,夜に駆ける
113,4XcxgZSriCYamtIA7BgT7V,71,0.766,0.664,-6.932,0.509,0.177,0.0,109.946,BTBT,BTBT
116,5AyL2kgLtTWEu3qO3B9SqK,75,0.435,0.837,-8.126,0.778,0.449,0.0,124.913,Free Wired,Like A G6
121,7xNCacksfUkYXsXuSW4vNF,74,0.602,0.642,-5.404,0.54,0.211,5.33e-06,175.978,PS5 (with TOMORROW X TOGETHER & Alan Walker),PS5 (with TOMORROW X TOGETHER & Alan Walker)
123,6tsOcBnaKgzK22yEiqRh8P,64,0.892,0.507,-8.282,0.695,0.378,3.14e-05,143.96,MONOPOLY,MONOPOLY (with Victoria Monét)
124,40iJIUlhi6renaREYGeIDS,83,0.666,0.465,-8.545,0.292,0.26,0.0,167.937,Certified Lover Boy,Fair Trade (with Travis Scott)
125,4DByEumlGTZKSzuVEZ35eo,71,0.857,0.558,-7.888,0.453,0.134,4.8e-05,123.973,RENAISSANCE,PURE/HONEY
127,5NcLyVjUgG0yfwHgr5t81w,80,0.749,0.781,-3.265,0.606,0.0578,2.12e-06,125.09,MOONLIGHT SUNRISE,MOONLIGHT SUNRISE
130,6bnF93Rx87YqUBLSgjiMU8,86,0.537,0.746,-5.507,0.252,0.15,1.01e-06,170.062,After Hours,Heartless
135,6AomCkEOQUODCYzQwH4SWC,63,0.705,0.733,-4.942,0.681,0.102,0.154,135.993,Floor Seats,Floor Seats
136,7xVLFuuYdAvcTfcP3IG3dS,70,0.841,0.733,-5.077,0.284,0.142,0.0,130.009,Trap Lord,"Work REMIX (feat. A$AP Rocky, French Montana, Trinidad James & ScHoolboy Q)"
137,2qQpFbqqkLOGySgNK8wBXt,76,0.697,0.874,-2.15,0.775,0.0449,0.0,132.018,FANCY YOU,FANCY
140,60zxdAqWtdDu0vYsbXViA7,0,0.699,0.866,-2.138,0.795,0.0446,0.0,132.023,FANCY YOU,FANCY
143,0IEVKWduAaMcZepZQVr80T,69,0.723,0.903,-1.262,0.443,0.033,0.000377,132.006,Twicetagram,Likey
148,7LczcBaamU9pTkV4Cl9NyX,63,0.916,0.824,-4.444,0.87,0.422,0.00108,139.926,Blick Blick,Blick Blick (with Nicki Minaj)
149,0f0SbtoKGe41cX5LzlnX6X,81,0.9,0.725,-6.213,0.791,0.135,0.00101,100.015,The Name Chapter: TEMPTATION,Tinnitus (Wanna be a rock)
151,4lwavw59UjXUPJZtKNdFYp,68,0.626,0.799,-6.612,0.369,0.046,0.00155,98.992,The Fame Monster,Alejandro
153,0uQo0HbOwXdPRGlNyFqGKi,40,0.738,0.707,-5.966,0.808,0.0265,9.85e-06,117.999,Something To Tell You,You Never Knew
154,4IeUAegXVbETb7FpgNDnSM,63,0.643,0.592,-6.684,0.405,0.277,1.54e-06,123.942,Downtown: Life Under The Gun,I Luv This Shit
156,7yJG5oJwYfom8AVXDcgFLx,61,0.606,0.61,-5.279,0.685,0.392,0.0,129.989,Gal Policy,Gal Policy
157,1eN27pPLzE59zuFbY8SsiT,0,0.859,0.538,-5.207,0.333,0.0699,1.14e-06,98.031,Don't Tell 'Em,Don't Tell 'Em
158,294pxweq9pggAO32OQVgYw,58,0.461,0.592,-5.799,0.34,0.138,0.0,124.146,Testimony,I Luv This Shit - Remix (Bonus Track)
165,4JzCFEc3O2UEdjKzevvFH5,75,0.633,0.511,-5.665,0.29,0.0368,0.0,116.855,Proof,For Youth
166,65rmgd5uMb4Rgqb5dSiU0p,62,0.693,0.586,-6.098,0.459,0.0315,0.0,82.039,Celebrate,Doughnut
168,5uqphUYsR45kPYplrYSAQh,65,0.859,0.627,-7.91,0.594,0.13,0.000202,142.062,SremmLife,Throw Sum Mo
171,5IYnriBBJz1iz1ki3bJnWo,0,0.656,0.798,-6.608,0.572,0.103,0.0,92.03,"O!RUL8,2?",Coffee
172,2AIWoHr9DF6y4KALCBKWQS,1,0.734,0.855,-3.211,0.422,0.118,0.0,126.035,Love Yourself 結 'Answer',IDOL
174,0xbiDnsDfJci79RCglEtOG,26,0.768,0.56,-5.015,0.323,0.179,7.69e-06,150.071,Faith,"Top Shotta (feat. Pusha T, TRAVI & Beam)"
176,0k1WUmIRnG3xU6fvvDVfRG,78,0.803,0.597,-6.035,0.331,0.141,4.5e-06,136.008,Certified Lover Boy,Way 2 Sexy (with Future & Young Thug)
178,1i1fxkWeaMmKEB4T7zqbzK,81,0.532,0.869,-5.094,0.422,0.172,0.00508,159.803,Don't Let Me Down,Don't Let Me Down
179,4o1WfX3N1GXDFsPCCDldYb,34,0.715,0.919,-3.514,0.701,0.265,0.0,145.004,We Go Up,We Go Up (feat. Fivio Foreign)
183,2WKJcMeqmjkL4FzFoJszR7,58,0.628,0.649,-10.171,0.476,0.202,0.0,82.907,"Do It (feat. Doja Cat, City Girls & Mulatto) [Remix]","Do It (feat. Doja Cat, City Girls & Mulatto) [Remix]"
184,58q2HKrzhC3ozto2nDdN4z,79,0.816,0.726,-3.998,0.65,0.129,0.0,136.048,Invasion of Privacy,I Like It
185,3HHFOztnhfIWxjOr2s06sw,59,0.758,0.849,-3.602,0.429,0.0575,0.0,111.004,The Dream Chapter: STAR,Blue Orangeade
186,1IthE5GNiRzFN5CVaCa445,71,0.602,0.841,-3.334,0.684,0.109,0.0,157.937,Proof,Born Singer
188,7Bpx2vsWfQFBACRz4h3IqH,77,0.711,0.611,-5.453,0.144,0.329,0.0,134.14,family ties (with Kendrick Lamar),family ties (with Kendrick Lamar)
191,35Dofxo9smHVxmFQbhYIAT,59,0.778,0.776,-5.359,0.361,0.0362,0.0216,127.049,Stereo Love,Stereo Love
193,6m96zMB8BrLrpyT7NvApxB,58,0.614,0.747,-5.655,0.538,0.0743,0.0,78.216,NCT#127 LIMITLESS - The 2nd Mini Album,無限的我 무한적아; LIMITLESS
194,4TsmezEQVSZNNPv5RJ65Ov,81,0.779,0.64,-8.415,0.498,0.159,0.00077,99.019,Music Of The Sun,Pon de Replay
199,2BNuFV7ROaRHu2j3N6k729,0,0.719,0.962,-2.555,0.669,0.265,0.0,117.999,"O!RUL8,2?",Attack on Bangtan
200,5oH4DQAuu1J1800RzUsBWa,5,0.905,0.962,-3.197,0.906,0.0856,0.0,129.969,PSY 9th,That That (prod. & feat. SUGA of BTS)
201,2QyuXBcV1LJ2rq01KhreMF,2,0.583,0.817,-5.146,0.438,0.0987,0.0,105.936,MAP OF THE SOUL : 7,ON
202,5dEaQCUCJIQyJs5qVZYXOC,59,0.647,0.881,-4.42,0.456,0.0765,1.12e-06,100.001,Come Back Home,Come Back Home
203,0Fb1M7rbOnydw6SrXXSlHr,57,0.568,0.66,-6.15,0.423,0.0356,0.0,82.97,Ito,Ito
204,77jkl4GGXj4xQC2bzrvjyc,0,0.581,0.93,-2.95,0.777,0.257,2e-05,90.041,화양연화 The Most Beautiful Moment In Life: Young Forever,Whalien 52
205,0WdR2AyLW1Drd3OUdwezM0,76,0.71,0.614,-6.757,0.658,0.0431,0.0,148.152,Sweetener,everytime
206,1j6NZFHrpc09YmEZuSlmwf,58,0.603,0.741,-5.58,0.403,0.12,0.000227,168.006,Hot Pink,Talk Dirty
207,13MF2TYuyfITClL1R2ei6e,78,0.661,0.836,-3.164,0.396,0.059,0.0,124.952,SQUARE ONE,BOOMBAYAH
211,1s9dHDYdTjQo1Ow8MoF9nV,58,0.647,0.727,-6.675,0.243,0.0464,0.0,99.953,THE WORLD EP.1 : MOVEMENT,The Ring
212,0hxeouHqP3qzpTHerA7ha2,67,0.731,0.845,-5.352,0.484,0.132,0.0,101.085,BE,Dis-ease
213,54DmTIv86D3sYdiawjULQ0,0,0.731,0.845,-5.352,0.484,0.132,0.0,101.085,BE,Dis-ease
214,1bDbXMyjaUIooNwFE9wn0N,91,0.561,0.52,-9.342,0.424,0.244,1.86e-06,153.15,Her Loss,Rich Flex
217,2LHUIYOsCZ19mDp2xRxj1u,55,0.685,0.536,-8.288,0.502,0.0302,0.0,129.083,Didimi Psihi,Parallili Agapi
218,6CDzDgIUqeDY5g8ujExx2f,81,0.761,0.525,-6.9,0.531,0.0944,6.7e-06,80.87,Heat Waves,Heat Waves
219,6ma6Oe9PrzJsckdCebJoFM,53,0.58,0.764,-9.321,0.444,0.221,2.1e-06,137.068,HOMECOMING: THE LIVE ALBUM,Flawless / Feeling Myself - Homecoming Live
222,5J4ZkQpzMUFojo1CtAZYpn,80,0.472,0.714,-4.389,0.24,0.0334,0.0,98.992,My Everything,Love Me Harder
223,1ok4gxOv8cg5WLjWK6TQhD,0,0.856,0.617,-5.308,0.759,0.0841,0.0,136.082,Love Yourself 結 'Answer',Go Go
224,6wyr4ReB05D9sJB1Rsmcqo,1,0.826,0.817,-4.081,0.168,0.0921,1.09e-05,97.053,Chicken Noodle Soup (feat. Becky G),Chicken Noodle Soup (feat. Becky G)
225,3lE8TCA1FKNQthjj73Sjrv,52,0.853,0.588,-8.208,0.831,0.3,0.0,147.055,Like..?,Gangsta Boo (with Lil Tjay)
226,4vTgx6h4seHvkuFh84JXYP,1,0.674,0.64,-5.139,0.664,0.0339,0.0,99.908,MAP OF THE SOUL : 7,My Time
227,0filEDkS4b7ODVhh9N0myb,37,0.486,0.808,-7.543,0.601,0.0812,2.27e-06,89.72,Edo Kai Tora,Edo Kai Tora
229,01gUlvzAPiwB9Ekq9kGVCM,0,0.813,0.875,-2.92,0.756,0.0918,0.0,99.004,Love Yourself 結 'Answer',Anpanman
230,3IG0DSV4U15NtX31Y0czx3,43,0.504,0.711,-5.864,0.5,0.0452,1.83e-05,134.824,Unlock it (Lock It) [feat. Kim Petras and Jay Park],Unlock it (Lock It) - feat. Kim Petras and Jay Park
233,6bc8VmlNt5S9WJlyw8bBdd,58,0.742,0.749,-5.06,0.485,0.0378,0.0,98.013,Take Over The Moon - The 2nd Mini Album,Love Talk
234,4h8DDTLayF06jMWIPJlBb3,50,0.719,0.674,-6.045,0.664,0.272,1.32e-06,142.036,ZERO : FEVER Part.2,I'm The One - HEAT-TOPPING Version
235,1HQHuPpr2s2z3VIBTLtUmv,0,0.582,0.726,-4.174,0.768,0.116,0.0,100.45,2 Cool 4 Skool,Like
236,2NjO87HyT80fsgejd3PLYW,66,0.736,0.756,-7.099,0.712,0.047,0.00577,117.016,Bloom,Dance To This (feat. Ariana Grande)
239,08SB2OtZkaliju77WYEKxk,77,0.707,0.618,-5.825,0.517,0.19,0.0,133.876,Still Over It,No Love (with SZA)
240,0GnydTKmczMoKOEl1D4URI,69,0.693,0.844,-2.481,0.862,0.192,0.0,159.937,IM NAYEON,LOVE COUNTDOWN (Feat. Wonstein)
243,32h6yQGn4oAhZ0HRsTMX26,0,0.622,0.8,-5.819,0.58,0.0425,0.0,110.977,The Dream Chapter: STAR,CROWN
244,5R9k9x85lAYbamdUoKAJvj,59,0.73,0.816,-5.402,0.803,0.304,1.23e-05,142.054,Meet The Woo 2,Dior (with Gunna) - Remix
246,1PNs0uGru3TcrA94kpyGnc,64,0.842,0.505,-8.627,0.538,0.402,0.000322,119.993,Do We Have A Problem?,Do We Have A Problem?
248,0PAuGZOMm0Wq2Jq1KOeoET,46,0.435,0.891,-3.907,0.437,0.178,0.0,115.166,Peace Is The Mission,All My Love - Remix
249,6dDIOU6AqgLkrjFNPgvKY6,62,0.548,0.833,-3.294,0.467,0.0497,0.0,190.029,Bangerz (Deluxe Version),FU (feat. French Montana)
250,6FdShjf7nA2cqEnpv1tIia,55,0.732,0.795,-2.263,0.693,0.1,0.0,100.954,NCT RESONANCE Pt. 1 - The 2nd Album,Make A Wish (Birthday Song)
251,5d2mc1dOSOLw25fJ7WH5fl,52,0.757,0.775,-3.442,0.713,0.121,0.0,140.97,Universe - The 3rd Album,OK!
254,3p6hnejEQYXkiTO1lAzVc0,2,0.637,0.799,-4.519,0.562,0.0338,0.0,104.995,Love Yourself 結 'Answer',Euphoria
256,5cRKj1kynNFqiliT2ndZ3y,67,0.561,0.686,-6.273,0.22,0.0473,0.0,89.97,Akuma no Ko,Akuma no Ko
260,3jVtllWS5CFFWLQng8sKsr,73,0.742,0.595,-7.51,0.431,0.107,0.0,101.013,Aquarius,2 On (feat. ScHoolboy Q)
262,0Me6SI6hgowLrZAKvtyVOg,60,0.876,0.937,-0.593,0.902,0.093,0.0,114.982,The Boys,The Boys
263,0yFvWTLs3iIwDbc91noXGT,52,0.906,0.596,-5.88,0.701,0.243,0.0,144.038,GRoCERIES,GRoCERIES
264,7e65OAe9L0xWPSHDiahjQe,58,0.753,0.893,-2.781,0.386,0.0694,0.0,107.003,Voltage,Voltage
266,7DF8lvLdV3htIbuTWpc7lR,1,0.603,0.771,-6.336,0.332,0.0627,0.0,139.988,Fighting Demons,Girl Of My Dreams (with SUGA of BTS)
267,6IPNp9PfaEqrzotY47TIWy,76,0.8,0.837,-2.807,0.702,0.0491,0.00313,100.015,"SG (with Ozuna, Megan Thee Stallion & LISA of BLACKPINK)","SG (with Ozuna, Megan Thee Stallion & LISA of BLACKPINK)"
268,1aKuG1GG76xPLUkjBbQo3W,0,0.72,0.824,-5.086,0.333,0.128,0.0,165.998,MAP OF THE SOUL : 7,UGH!
269,6mS8cd33jFrighnLc0obxQ,63,0.413,0.878,-4.942,0.694,0.0694,0.000961,151.989,minisode1 : Blue Hour,Ghosting
270,0CnpSTdL9l5vQM4YnzXtyo,68,0.726,0.963,-1.111,0.769,0.0916,0.00157,126.062,One-reeler / Act IV,Panorama
272,2p6Fh5ruk8YUaO43huubHW,75,0.362,0.432,-9.359,0.256,0.112,0.0,81.29,Dark Side,Collide (Sped Up Remix)
274,6y4GYuZszeXNOXuBFsJlos,75,0.584,0.911,-3.515,0.606,0.09,0.0,92.502,Kaikai Kitan / Ao No Waltz,Kaikai Kitan
277,36pZ33EaTBFSl4n0asZYNU,62,0.634,0.869,-4.987,0.375,0.0352,7.07e-06,104.945,ZERO : FEVER EPILOGUE,The Real - Heung Version
280,4v5kAh2wWyCSuKuhMJK8u6,75,0.589,0.655,-8.138,0.675,0.0488,0.000353,105.272,Cassie,Long Way 2 Go
283,3IdPtyJHB1WVPM4eCiCAKM,64,0.565,0.903,-1.918,0.54,0.0499,0.0,97.968,TREASURE EPILOGUE : Action To Answer,Answer
285,1cXeMu9DUAaa6xjkp39hJJ,26,0.527,0.554,-7.613,0.408,0.393,0.000384,140.542,The Pinkprint,Shanghai
287,14k4ALBLN2FjtELYDcQUoi,64,0.807,0.704,-5.496,0.961,0.071,0.0,115.995,Formula of Love: O+T=<3,MOONLIGHT
289,0NTMtAO2BV4tnGvw9EgBVq,83,0.781,0.728,-4.981,0.395,0.0621,1.94e-06,102.99,Bitch Better Have My Money,Bitch Better Have My Money
290,0uZnF1sn2IcNCvnyAIKNMQ,66,0.458,0.347,-6.651,0.431,0.0381,0.0,78.928,Illuminate,Mercy - Acoustic
291,3WfaJhCL4p2JbdffJjV6Va,67,0.699,0.907,-1.208,0.621,0.0544,0.0,115.978,COLOR*IZ,La Vie en Rose
294,0xKNTDmIym4R2TfKnS4FQo,0,0.769,0.817,-4.092,0.866,0.0339,9.95e-05,139.979,Love Yourself 結 'Answer',Airplane pt.2
295,3F5CgOj3wFlRv51JsHbxhe,88,0.529,0.673,-4.711,0.366,0.175,2.41e-06,165.921,"Honestly, Nevermind",Jimmy Cooks (feat. 21 Savage)
297,6iOvnACn4ChlAw4lWUU4dd,65,0.71,0.71,-2.474,0.7,0.0579,1.07e-06,169.944,Amala,Go To Town
298,7HjcrlnxZ7mSZ8zfJC5fPc,0,0.382,0.85,-4.736,0.414,0.423,0.0,185.924,The Dream Chapter: ETERNITY,Eternally
299,1t2fPE8rClkb0ZACu26ebN,58,0.622,0.683,-5.238,0.261,0.0517,0.0,92.018,Free Falling,Free Falling
301,6juLaduD4STCUDWT0AYun4,71,0.66,0.787,-4.592,0.199,0.032,0.0,142.018,MORE,MORE
302,1wiqEFd8phSCSlteDLSyp2,62,0.574,0.882,-4.08,0.612,0.121,0.0,92.994,Proof,Blood Sweat & Tears
303,0rvQzaVeceFaksUoeyonXw,58,0.532,0.867,-5.511,0.329,0.0598,0.0,154.967,THE WORLD EP.1 : MOVEMENT,New World
304,0TcJ7QWpggdSg8t0fHThHm,71,0.894,0.678,-5.611,0.844,0.0523,2.43e-06,105.024,The Fame,LoveGame
306,2R8MZR1RCP4cIJITHDPRbY,63,0.561,0.758,-3.87,0.178,0.0478,3.08e-06,149.944,Favorite - The 3rd Album Repackage,Favorite (Vampire)
307,5L9eGmPwQnhIlJY1qDQ3OJ,58,0.757,0.875,-2.65,0.571,0.126,0.0,122.946,BETWEEN 1&2,Trouble
308,3vySEUpD0tc801F2WZDLYw,72,0.799,0.653,-5.453,0.236,0.037,0.0,104.019,Freaky Deaky,Freaky Deaky
311,12KUFSHFgT0XCoiSlvdQi4,78,0.687,0.702,-5.324,0.284,0.0455,4.35e-05,129.956,My Everything,Break Free
312,7seTcUFOhn5caSDbiSfsp0,70,0.706,0.572,-5.799,0.574,0.0326,0.0,139.982,Non-Fiction,She Knows
314,2Ghp894n1laIf2w98VeAOJ,71,0.805,0.498,-7.927,0.636,0.0737,2.37e-05,121.006,Dawn FM,How Do I Make You Love Me?
316,7snnTlaWaN39nfN1PhUaT8,76,0.956,0.827,1.295,0.614,0.222,0.000259,129.949,Se Voce Nao Quer Passa a Vez,Se Voce Nao Quer Passa a Vez
317,6k2900NjJeVqZM55G3Danu,69,0.896,0.675,-3.908,0.659,0.124,8.11e-06,131.999,Bum Bum Tam Tam,Bum Bum Tam Tam
318,3aGqHdZJusdhT3ZzfLRnO7,0,0.762,0.768,-4.267,0.394,0.0366,0.0,137.963,GUESS WHO,KIDDING ME
319,6WLS56xiRrXjSm9RSdL3zD,0,0.583,0.732,-5.728,0.276,0.0457,9.86e-06,145.992,Never Forget You,Never Forget You
320,3gFcGnU4kTdMYLXDjH1TK8,71,0.722,0.676,-5.885,0.362,0.0829,1.2e-05,129.943,YOUNG-LUV.COM,RUN2U
322,2j4eDUG5qfvOxxEbiSXVt3,61,0.801,0.759,-4.694,0.293,0.0494,0.0,104.002,These Things Happen Too (Deluxe),Still Be Friends (feat. Tory Lanez & Tyga)
323,0JjM9bKm4wrwohMslcm892,67,0.803,0.759,-4.692,0.284,0.0494,0.0,104.0,Still Be Friends (feat. Tory Lanez & Tyga),Still Be Friends (feat. Tory Lanez & Tyga)
324,10C1ZwdAwSEmMeYAFvuTtv,55,0.725,0.764,-4.893,0.611,0.0843,8.93e-06,99.962,Can't Believe (feat. Ty Dolla $ign & WizKid),Can't Believe (feat. Ty Dolla $ign & WizKid)
327,4IOxk5ep5ONrdlL0ZIy64v,61,0.746,0.726,-3.499,0.578,0.0394,3.43e-06,104.961,Flourishing,Snapping
328,2cFK03sObtI6AK3QKeOT5g,56,0.639,0.865,-5.01,0.611,0.0357,1.26e-06,124.01,We Got That Cool (feat. Afrojack & Icona Pop),We Got That Cool (feat. Afrojack & Icona Pop)
329,3rhlUWruyuJXfR2yX1wSVu,0,0.708,0.853,-4.398,0.399,0.0844,0.000173,129.946,TWICEcoaster: LANE1,TT
330,5PHPENfE3RVmHGAA2A7Hfx,60,0.826,0.614,-4.22,0.591,0.0561,0.0172,126.046,Born Naked,Sissy That Walk
331,226QJRaVRMmB7HRjVfcA8B,0,0.681,0.923,-3.387,0.551,0.042,0.0,141.996,IN LIFE,Phobia
332,7LP4Es66zdY7CyjepqmvAg,1,0.657,0.695,-4.493,0.683,0.0321,0.0,65.997,All Or Nothing,Down
334,1dOHkybyWL0cBTslWSDlud,39,0.557,0.415,-7.031,0.496,0.348,0.0,155.784,Queen Radio: Volume 1,Did It On’em
336,65FftemJ1DbbZ45DUfHJXE,93,0.804,0.771,-4.067,0.739,0.0433,3.07e-06,126.956,NewJeans 'OMG',OMG
338,6JjPBQfI2Y8nIjnm65X6Pw,66,0.663,0.696,-4.957,0.738,0.103,3.77e-05,180.113,X (feat. Maluma & Ozuna),X (feat. Maluma & Ozuna) - Remix
339,2MsNSKQNQNRklkKFxxvIav,0,0.639,0.756,-4.42,0.532,0.0608,0.0,128.937,The Dream Chapter: MAGIC,9 and Three Quarters (Run Away)
340,0RDqNCRBGrSegk16Avfzuq,79,0.772,0.907,-2.438,0.783,0.124,0.0,119.973,BETWEEN 1&2,Talk that Talk
341,34oB5r0lcN3fYWCs2uA1k5,66,0.697,0.506,-4.863,0.516,0.0325,0.0,100.002,The Cure,The Cure
343,2aI2k39nfa3KFsa4JclQzw,2,0.671,0.859,-3.922,0.39,0.0833,0.0,139.931,SQUARE UP,DDU-DU DDU-DU
344,01dmH2IPkrLNWIMPNXlreE,0,0.519,0.828,-5.523,0.929,0.365,0.0,139.413,Love Yourself 轉 'Tear',Paradise
345,2hPvWV02856ZW1LSWbOycO,42,0.465,0.702,-5.292,0.356,0.0553,1.24e-05,139.951,imagine club,ore ore
347,6I2tqFhk8tq69iursYxuxd,77,0.765,0.777,-4.376,0.64,0.0399,2.58e-06,111.944,SEVENTEEN 4th Album 'Face the Sun',HOT
350,7CAdT0HdiQNlt1C7xk2hep,80,0.512,0.76,-5.889,0.495,0.0682,0.0,130.096,Stay Alive (Prod. SUGA of BTS),Stay Alive (Prod. SUGA of BTS)
351,7zC6xvBPnIC92K06pMpstY,64,0.607,0.886,-3.77,0.616,0.0847,0.0,149.941,ZERO : FEVER Part.1,INCEPTION
352,5N1eryUOWd5UECQeR5aDfW,50,0.764,0.858,-4.872,0.549,0.175,0.0,155.986,Gia Sena,Gia Sena
353,6G6ykEzZ1r7V1qrmNdBOVV,58,0.664,0.609,-6.509,0.194,0.0707,0.0,130.041,Planet Her (Deluxe),Need to Know
354,1WrScpykT891CZhFThXJtj,61,0.551,0.784,-3.901,0.764,0.0753,0.0,105.748,minisode1 : Blue Hour,We Lost The Summer
355,39Z2mZBU3dRBIMro4669uo,45,0.629,0.729,-3.327,0.387,0.0424,0.0,140.021,Universe - The 3rd Album,Round&Round
358,1hehPTlSVIhHEvCkVoe4HX,0,0.594,0.914,-3.764,0.571,0.167,0.0,146.885,"O!RUL8,2?",N.O
359,0rNLaGUleZ91DXMxmZNq5v,65,0.724,0.904,-3.815,0.728,0.0872,4.79e-06,130.036,ZERO : FEVER Part.2,Fireworks (I'm The One)
360,2PcJoVkfjcbvoqBxV1Nj7y,67,0.613,0.668,-6.867,0.509,0.267,0.0,96.176,EVERYTHING YOU WANTED,All I Wanna Do
362,5D2mYZuzcgjpchVY1pmTPh,81,0.614,0.574,-7.961,0.755,0.466,3.2e-05,125.173,The Massacre,Candy Shop
363,3ObPkJQAgjAhTwYvDhPrAW,72,0.71,0.82,-4.362,0.746,0.0836,0.0,112.005,minisode1 : Blue Hour,Blue Hour
365,26EM9sZnQkLLQxixGd88KE,66,0.819,0.844,-3.739,0.687,0.038,0.00834,127.997,I Am The Best,I Am The Best
367,78HD9IN4cKE1MMHWeVJPWh,54,0.723,0.726,-4.512,0.839,0.043,0.0,150.011,Summer Magic - Summer Mini Album,"Bad Boy - English Version, Bonus Track"
368,1nYeVF5vIBxMxfPoL0SIWg,69,0.627,0.69,-5.396,0.627,0.139,0.0,122.053,Future Nostalgia,Hallucinate
369,2APCo1hwAaua9CslYXqALD,50,0.842,0.638,-2.73,0.606,0.0684,0.0,115.051,Eyes Wide Open,BRING IT BACK
370,6MJUCumnQsQEKbCy28tbCP,70,0.788,0.771,-3.206,0.701,0.0563,5.62e-05,99.038,Adictiva,Adictiva
371,7LRmDx4pMTQuOBBwRT1MCT,54,0.963,0.449,-8.701,0.337,0.323,0.00616,108.043,Plead The 5th,Don't Rush (feat. Headie One)
372,59D6pNWyn8UXPpos5fbAqm,48,0.423,0.857,-3.441,0.655,0.275,0.0,180.01,We Don't Care,We Don't Care
373,5b5pSVt6xxokhL7xqFjigB,47,0.448,0.742,-4.975,0.472,0.0629,0.0,129.346,GOOD BOY GONE BAD,君じゃない誰かの愛し方 (Ring)
375,5ezx4XG58DNj74FtGLUaNU,0,0.711,0.833,-2.733,0.625,0.121,0.0,154.046,CRAZY IN LOVE,LOVE is
376,5pAbCxt9e3f81lOmjIXwzd,70,0.757,0.737,-6.728,0.635,0.114,0.0,98.057,Be Honest (feat. Burna Boy),Be Honest (feat. Burna Boy)
377,4fUh9VvKW4shhWN5LfN1Ba,58,0.762,0.611,-5.462,0.386,0.0876,0.000315,99.934,Full Speed,Be Real (feat. DeJ Loaf)
381,2HtcPHFdo7eu4Ilbvb0BVI,0,0.709,0.959,-1.339,0.644,0.0603,0.00188,128.983,Feel Special,Feel Special
382,62Yo3FDddWY8ydu6PW2wyz,71,0.677,0.557,-8.409,0.1,0.0694,8.36e-06,150.127,Nail Tech,Nail Tech
386,4XdzvdvfaAozcWM2svBri5,0,0.684,0.793,-3.156,0.437,0.102,0.0,104.951,The Dream Chapter: ETERNITY,PUMA
387,7kbOwsTp2Uqm1scjRPiVt4,58,0.739,0.907,-2.487,0.778,0.156,1.33e-06,120.069,Formula of Love: O+T=<3,"PUSH & PULL (JIHYO, SANA, DAHYUN)"
388,6kmXHLDDK7RQXTjHooTCzH,55,0.731,0.622,-7.704,0.501,0.0823,0.000153,103.949,Iced Tea,Iced Tea
389,52CBUrIdyf8tbZaUY9iawE,70,0.634,0.928,-1.609,0.738,0.0514,2.55e-06,164.007,We play,After School
390,3H1B6KuqXvRCBNrln32Bpa,62,0.748,0.775,-1.884,0.722,0.0343,0.0,98.944,Ponytail,Ponytail (Feat. Sik-K)
391,36RGU7buus2UUtrPZ78hkR,56,0.576,0.79,-3.463,0.629,0.0509,4.69e-06,102.033,Cherry,Cherry
393,3VrAQzhFpUX0RGRqcOATd0,54,0.812,0.721,-4.547,0.83,0.0766,0.0,109.971,Before We Begin,You're Sexy I'm Sexy
394,47EiUVwUp4C9fGccaPuUCS,82,0.731,0.573,-10.059,0.145,0.0544,5.22e-05,109.928,DÁKITI,DÁKITI
397,5XkyZyKMdFungjDb9cUKc3,59,0.804,0.498,-7.387,0.704,0.0571,0.000236,105.008,A Brand New Day (BTS World Original Soundtrack) [Pt. 2],A Brand New Day (BTS World Original Soundtrack) [Pt. 2]
398,15HMh4yxdf4wyxSZSlOgGZ,1,0.859,0.525,-8.051,0.312,0.0592,2.34e-05,110.066,SAD GIRLZ LUV MONEY Remix (feat. Kali Uchis and Moliy),SAD GIRLZ LUV MONEY Remix (feat. Kali Uchis and Moliy)
400,2GAhgAjOhEmItWLfgisyOn,88,0.698,0.546,-7.234,0.335,0.0559,0.00314,145.044,SOS,Low
401,4C1Smq2t3MVOPzsUPWW0oX,9,0.891,0.62,-7.463,0.404,0.244,1.61e-05,98.093,King Of The Dancehall,Fever
402,2xtP8RNbo2BEMzLX7tK7aq,73,0.702,0.692,-5.405,0.419,0.0539,0.0,144.896,CRY FOR ME,CRY FOR ME
403,2sHwSBNDZN2yjCtgwStYt1,67,0.522,0.765,-5.395,0.455,0.193,0.0,180.065,Sunset Season,Crush Culture
404,5QUsyhPk2WXnMQ0KwvyEp2,0,0.631,0.772,-5.36,0.439,0.0649,0.0,89.996,Crush Culture,Crush Culture
405,28xjm4FnnGI4Xnds7VoNSl,63,0.624,0.86,-3.346,0.447,0.0387,1.1e-05,99.968,TREASURE EP.3: One To All,Wave
406,7uKcScNXuO3MWw6LowBjW1,75,0.944,0.511,-10.96,0.842,0.161,0.00107,113.046,Goodies,"One, Two Step (feat. Missy Elliott)"
407,0WqosnCu2wMmEbbYtXalB2,40,0.746,0.939,-2.903,0.342,0.172,0.00467,132.063,Sabiduria,Rumba y Fiesta
408,5tkesRIsbbbyXGC0dnpI3d,34,0.712,0.669,-7.028,0.385,0.0977,0.0,145.055,Faith,Bout A Million (feat. 42 Dugg & 21 Savage)
409,4frlkLwlnm58ejpNwWjxyl,0,0.436,0.869,-5.174,0.612,0.472,1.6e-06,167.766,2 Cool 4 Skool,No More Dream
410,7qvsl2pYzrsYgPeFBN5jxp,55,0.786,0.658,-2.61,0.458,0.0661,0.0,170.037,Juicy,Juicy
411,2Oo8haiY2GU8l7fadnsHef,29,0.851,0.927,-4.643,0.893,0.0946,0.0,130.018,Tha Thela,Mi Les Megala Logia
412,5joNJn9LUvYcamWwa2iYCL,61,0.753,0.91,-2.591,0.825,0.0517,0.0,123.983,NONSTOP,Nonstop
413,3dVvWnj4D8JGkKvo6Hucso,1,0.744,0.422,-8.946,0.493,0.294,0.00011,180.006,TROLLZ (with Nicki Minaj),TROLLZ (with Nicki Minaj)
414,4STaHtfguDMkWbPEo6Fwcx,25,0.598,0.496,-9.309,0.725,0.0804,0.00132,128.06,PARTYNEXTDOOR 3 (P3),Not Nice
415,1QWxddJmOhQb1vDdyTipMR,0,0.817,0.797,-4.395,0.362,0.084,7.77e-06,119.977,Wings,BTS Cypher 4
416,54s6sdPuMjVtdB5d5KFzTC,0,0.614,0.823,-3.48,0.539,0.062,0.0,139.948,The Most Beautiful Moment in Life: Young Forever,Save Me
419,2BQIMF7CyLe2xAKzh74A4C,51,0.749,0.923,-1.014,0.727,0.0277,0.0,99.975,Gee - The First Mini Album,Gee
420,3AMxuq6id3YGB57eWeheZQ,61,0.959,0.508,-7.857,0.346,0.257,9.82e-05,107.998,Don't Rush (feat. DaBaby),Don't Rush (feat. DaBaby)
421,3kzDgmslzUUAPFZzO0YfsG,53,0.788,0.77,-4.768,0.902,0.0579,2.77e-06,121.955,"True Beauty (Original Television Soundtrack), Pt. 1",Call Me Maybe
422,1H7KnK26kc1YyellpbINEn,74,0.49,0.618,-5.655,0.286,0.104,3.77e-06,99.7,Shoot For The Stars Aim For The Moon,The Woo (feat. 50 Cent & Roddy Ricch)
423,2qI0Uchpdc2RkzuhbRnnZ8,1,0.59,0.818,-2.988,0.664,0.0771,0.0,139.925,The Dream Chapter: ETERNITY,Can't You See Me?
424,7mFj0LlWtEJaEigguaWqYh,75,0.814,0.628,-7.178,0.677,0.221,0.0,123.977,Sweetest Pie,Sweetest Pie
425,7k4t7uLgtOxPwTpFmtJNTY,77,0.803,0.715,-3.28,0.574,0.298,0.000134,101.085,Tusa,Tusa
426,0Qzs7eyyx6Il1qkA4wqUHm,61,0.712,0.885,-2.96,0.661,0.0605,0.0,115.009,HEART*IZ,Violeta
427,2o9LAypwGH4ctV0i9boo6d,66,0.648,0.681,-8.389,0.767,0.0378,0.00783,157.941,Changes,Come Around Me
429,03TzvVWdkVbLT9pzewYiDw,50,0.587,0.635,-6.369,0.758,0.422,0.0,82.517,Funeral,I Don't Sleep (ft. Takeoff)
430,7uQZVznj0uQOGC9KhV2Mg6,73,0.806,0.653,-6.283,0.85,0.0902,0.000784,150.058,LALISA,LALISA
431,26AmP3ukYC4Zs9lSGlh55I,67,0.573,0.66,-8.304,0.461,0.0609,0.149,172.072,Take me home,Take me home
433,1kS19ChQGwicssvOGh2w6M,38,0.754,0.565,-5.147,0.264,0.0539,1.43e-06,118.027,5 STAR,5 STAR
434,4A8cWXxKfIL3lAyUDzXbCF,75,0.825,0.414,-6.634,0.106,0.144,0.0,72.993,Sniper Gang Presents Syko Bob & Snapkatt: Nightmare Babies,Super Gremlin
435,02WDt2eCNOU2mt0DF5w678,58,0.677,0.558,-7.681,0.384,0.177,0.0,144.485,Heavy,Heavy (with Lil Uzi Vert)
437,5N1o6d8zGcSZSeMFkOUQOk,67,0.872,0.814,-4.568,0.57,0.155,1.96e-06,98.985,Hot Girl Summer (feat. Nicki Minaj & Ty Dolla $ign),Hot Girl Summer (feat. Nicki Minaj & Ty Dolla $ign)
438,4AH6H9E36YcyVRhcxcP00x,54,0.743,0.907,-3.941,0.895,0.0745,0.0,104.012,Metro Antistrofa,"Metro Antistrofa - 5, 4, 3, 2, 1"
439,0mL82sxCRjrs3br407IdJh,86,0.702,0.586,-7.83,0.608,0.0313,7.27e-05,134.951,Dawn FM,Is There Someone Else?
440,6k67RdkVjTZj79c1cRz7IQ,67,0.572,0.964,-1.949,0.519,0.123,0.0,129.979,TREASURE EP.FIN: All To Action,WONDERLAND
441,2a1o6ZejUi8U3wzzOtCOYw,80,0.4,0.915,-4.89,0.878,0.28,0.0,88.917,Meet The Orphans,Danza Kuduro
443,6bS9w12VuyaqkbNKnw5zZE,58,0.656,0.875,-2.739,0.708,0.0463,0.0,88.938,Formula of Love: O+T=<3,"1, 3, 2 (JEONGYEON, MINA, TZUYU)"
445,5vAEnWrHxLv78uwZrAJcX6,53,0.77,0.715,-5.92,0.468,0.045,0.0018,150.027,Queen,Thought I Knew You (feat. The Weeknd)
447,1XyzcGhmO7iUamSS94XfqY,1,0.808,0.903,-2.179,0.922,0.0729,0.0,120.044,The Feels,The Feels
449,3NWrHCwvyII4fTx05PN3IO,66,0.764,0.676,-6.761,0.461,0.0927,0.0,97.02,Shoot For The Stars Aim For The Moon,Enjoy Yourself (feat. Karol G)
450,0rhI6gvOeCKA502RdJAbfs,83,0.712,0.893,-3.995,0.828,0.0851,0.0,125.022,The Name Chapter: TEMPTATION,Sugar Rush Ride
453,31tgCy8mn6sFuIiHSHfEhm,59,0.951,0.484,-10.591,0.383,0.337,0.0,124.04,Perfect (Remix) (feat. Doja Cat & BIA),Perfect (Remix) (feat. Doja Cat & BIA)
454,7xoUc6faLbCqZO6fQEYprd,84,0.628,0.593,-5.036,0.104,0.0323,1.65e-06,125.026,My Everything,One Last Time
455,5cTnKClHyczcUhFT8MKBZe,74,0.482,0.884,-4.538,0.377,0.0668,0.000575,171.915,SPIN OFF : FROM THE WITNESS,HALAZIA
457,3vsfL1GdEMvoUs59KERxPx,46,0.605,0.418,-6.436,0.188,0.0523,2.59e-05,74.043,There And Back Again,Wildfire
458,7louodH5FUYuL3yvHQtq3O,50,0.669,0.84,-3.176,0.483,0.0599,0.0,105.009,Eyes Wide Open,BELIEVER
459,7j56bK7gq6iV7zsD6lbP4J,67,0.787,0.741,-5.484,0.466,0.0592,1.88e-05,105.0,Ategban,Elle est bonne sa mère
460,5AmBIWCnsLscPSYsfCApBy,38,0.507,0.706,-6.395,0.403,0.173,2.37e-06,92.828,Indigo,"Closer (with Paul Blanco, Mahalia)"
461,6B8MM3PVQtUbZLay7tP7er,70,0.769,0.926,-1.627,0.551,0.0788,0.0,100.034,Hot Sauce - The 1st Album,Hot Sauce
462,72kxK8h09ZyJwaElUKyGsy,39,0.467,0.922,-3.223,0.538,0.119,1.87e-05,173.071,TREASURE EP. EXTRA: Shift The Map,Pirate King - Overload Mix
463,6f4wghlwYWGLqGEIKc6HDQ,60,0.813,0.667,-4.061,0.514,0.0616,0.0,111.02,Call My Name,You Calling My Name
464,0BJMgVrnWIvgYsjq8KaPeh,69,0.786,0.858,-3.74,0.649,0.0675,0.0,112.999,Formula of Love: O+T=<3,SCIENTIST
465,5BXr7hYZQOeRttkeWYTq5S,69,0.764,0.802,-4.217,0.323,0.0351,0.0,132.02,STAYDOM,ASAP
466,2OU8SjA9462FhrfqssKJJn,0,0.731,0.723,-5.955,0.534,0.0678,0.0,127.921,IN LIFE,"Wow (Lee Know, Hyunjin, Felix)"
467,3IAfUEeaXRX9s9UdKOJrFI,78,0.812,0.736,-5.421,0.396,0.0833,0.00254,91.993,Envolver,Envolver
468,2YeteVB8F8UkB5gmRPevLm,57,0.592,0.836,-6.171,0.283,0.0963,4.03e-05,160.199,THE WORLD EP.PARADIGM,Paradigm
469,1wcr8DjnN59Awev8nnKpQ4,77,0.599,0.869,-5.174,0.453,0.0618,0.0,132.889,BORDER : CARNIVAL,Drunk-Dazed
470,3oLXQgbcC34Oo4gFHCeTmi,61,0.619,0.931,-3.44,0.82,0.068,0.0,129.957,Elevate,Windows Down
471,5v15IF9D4nKZbto4US7Ar1,53,0.619,0.806,-1.276,0.619,0.101,8.51e-06,171.975,CHECKMATE,RACER
472,5OPgOXJ3uQsUQuTxuSeQBB,42,0.684,0.62,-6.247,0.219,0.0402,0.0,123.06,Glykeria,Mechri Na Vroume Ourano
473,6RioKpKPuG1vuyU0wnlAZx,0,0.716,0.906,-3.539,0.762,0.0717,0.0,101.028,Wings,21st Century Girl
474,63cd4JkwGgYJrbOizbfmsp,6,0.68,0.559,-5.545,0.137,0.129,0.0,202.006,Pure Water (with Migos),Pure Water (with Migos)
475,5sbkFKdxVQ2FgEjKMvrHAL,55,0.344,0.873,-3.387,0.307,0.221,0.0,170.041,Echo (with KSHMR),Echo (with KSHMR)
476,3ejAkJLWQSEJDqDXxK3efB,67,0.692,0.881,-2.563,0.432,0.0461,4.45e-06,103.053,reminiscence,DUN DUN
477,52Sj1SUJ6FNceKLZVggVak,59,0.765,0.929,-4.566,0.672,0.166,0.000223,144.03,ZERO : FEVER Part.2,The Leaders
478,7N17JE5sPConOSeEIC5AnS,55,0.821,0.726,-5.767,0.757,0.156,0.0,134.977,I KNOW,I KNOW
479,1Rrj7KyS2R6SP9CQMDJW1w,72,0.746,0.898,-2.818,0.879,0.0725,0.0,121.967,Love&Letter repackage album,VERY NICE
481,1JDhNQ0oOT7XpclZn3aQ8F,57,0.831,0.762,-5.656,0.495,0.207,0.0,99.999,Shoot For The Stars Aim For The Moon,West Coast Shit (feat. Tyga & Quavo)
482,1PckUlxKqWQs3RlWXVBLw3,83,0.836,0.743,-6.305,0.722,0.0656,0.0,108.966,About Damn Time,About Damn Time
484,4pN4uE4g6srE6376NDwMJP,57,0.803,0.838,-3.23,0.637,0.0858,0.011,91.986,LEGENDADDY,ZONA DEL PERREO
485,5FQ9NDyx3KZXhovWWq4Gxo,66,0.51,0.63,-6.997,0.569,0.0258,0.000485,89.812,Laurel Hell,Should've Been Me
486,6Dwtha2FtZFoMEBh5GR2sq,57,0.827,0.702,-7.264,0.694,0.267,5.04e-05,130.02,SweetSexySavage,CRZY
487,2qsQ8eVDPmobZpvDxQCVQu,66,0.917,0.679,-6.083,0.453,0.266,0.0,102.449,Barbie Tingz,Barbie Tingz
488,2bZIDMpzVooosmPHn0tHnd,70,0.605,0.805,-3.212,0.738,0.0641,0.0,148.298,STEREOTYPE,STEREOTYPE
489,4mFwA8AtXjuriVlQiRyeWr,49,0.768,0.818,-2.756,0.792,0.0381,6.22e-05,143.033,Voltage,Spice
490,2QdH0rKlV3d9Y6lWzcnlBH,1,0.847,0.814,-4.668,0.711,0.152,0.000507,140.057,GUESS WHO,In the morning
491,3mr6uMx3OzaqKMvk9csJm1,54,0.78,0.598,-4.062,0.882,0.101,0.0314,168.078,LEGENDADDY,LA OLA
492,01QhKtUc12FGw2wX7dMYvv,0,0.736,0.866,-3.053,0.533,0.211,2.13e-05,101.951,CRAZY IN LOVE,LOCO - English Ver.
493,5sbooPcNgIE22DwO0VNGUJ,72,0.566,0.769,-4.342,0.385,0.0872,0.0,170.036,POP/STARS,POP/STARS
494,18PergoIrGmRyeYxnaXJN2,2,0.738,0.861,-4.141,0.58,0.237,0.00182,131.98,KILL THIS LOVE,Kill This Love
496,0VYhxVxH9ijmdHUKsON9Bk,61,0.747,0.553,-7.294,0.262,0.117,0.0,141.888,The Perfect LUV Tape,SideLine Watching (Hold Up)
497,1ZDmxwg7Lywlx68b7SsJjj,62,0.893,0.641,-3.051,0.771,0.272,8.06e-05,94.017,MEGATRON,MEGATRON
498,4v0CuFW0bEMBQ1gRn2mB3X,55,0.68,0.738,-4.881,0.675,0.0331,0.00036,105.015,Sit Next to Me,Sit Next to Me - Stereotypes Remix
499,4SiwxGPQzlG2r4zatpEzLc,53,0.79,0.936,-4.251,0.71,0.0852,0.0,118.01,STEREOTYPE,SLOW DOWN
