,track_uri,popularity,danceability,energy,loudness,valence,acousticness,speechiness,instrumentalness,tempo,genres,artist_uri
0,4rPJSqrov3zqGwXlemLBMw,77,0.435,0.768,-5.352,0.378,0.0857,0.201,0.000231,107.588,"['uk contemporary r&b', 'uk pop']",5KKpBU5eC2tJDzf0wmlRp2
1,69EwGs863aPS8olgCWtZ8J,41,0.632,0.349,-11.491,0.299,0.597,0.0309,0.0,148.009,"['v-pop', 'vietnamese singer-songwriter']",0l3YAI1xmZKCZBzduST5ft
2,2sOj9vyd6yiss9W1IK6chU,66,0.42,0.725,-4.262,0.186,0.092,0.223,0.0,77.941,"['hip hop', 'miami hip hop', 'pop rap', 'rap', 'trap']",0QHgL1lAIqAw0HtD7YldmP
3,0F2gUQwJsy8iCfYv3uDgCp,0,0.6,0.326,-9.091,0.214,0.843,0.0281,0.0,84.996,['viet lo-fi'],15BdWDB7smcW5zPsl26u44
4,1SGt65i9AnXYdDQt1AtDRH,67,0.773,0.595,-6.062,0.338,0.114,0.161,2.47e-06,123.968,"['hip hop', 'rap', 'slap house']",0Y5tJX1MQlPlqiwlOH1tJY
5,63qZf6349d3ngku9hrzLac,46,0.572,0.513,-6.078,0.528,0.148,0.0358,1.41e-06,116.397,['v-pop'],6CGGvCBHWqQ4HXtn5aLhbh
6,2dHHgzDwk4BJdRwy9uXhTO,96,0.715,0.62,-6.005,0.172,0.417,0.0484,0.0,97.95,"['hip hop', 'rap', 'trap']",0iEtIxbK0KxaSlF7G42ZOp
7,7hzVxbVA6Y5t9YDzpSgdRS,52,0.624,0.567,-5.232,0.386,0.48,0.0289,0.0,102.054,['v-pop'],1L1VfizWn4DkFt602yD80U
8,1xoadYaxtOp9gHDwgmPDuz,63,0.624,0.604,-5.438,0.354,0.784,0.0619,0.00869,136.077,['v-pop'],6EybZ5zwPNEtEngfrEMevN
9,22I3h5AOENlH4CqXJsEbFR,82,0.418,0.31,-9.869,0.131,0.095,0.0625,0.0,139.614,"['pop r&b', 'r&b']",0jUQSUOcM7lxVn5eVGTkzQ
10,3TSLqZssCoCdDlMhCJ08XW,64,0.68,0.584,-4.457,0.239,0.443,0.034,0.0,118.06,"['k-pop', 'k-pop boy group']",4Kxlr1PRlDKEB0ekOCyHgX
11,1Uj89dqT3gdnnKZnaOMWI8,51,0.578,0.382,-9.915,0.209,0.422,0.0505,0.000254,179.799,['v-pop'],6LrBtADUmDoLlcTrg448Qt
12,7yt7lA03ysN7SDTRX9oblN,37,0.432,0.514,-4.994,0.291,0.726,0.0326,0.0,135.693,['v-pop'],1G2yxRuuHv9mev4EHZzbXw
13,6AWe04n4zsYkGKb3Pf7LMk,45,0.39,0.397,-9.963,0.246,0.287,0.0513,0.0,144.031,"['classic rock', 'glam rock', 'rock']",1dfeR4HaWDbWqFHLkxsg1d
14,7A2eDNBgJrEVE87C8pOMqN,0,0.381,0.594,-5.97,0.273,0.348,0.0486,0.0,143.86,"['british soul', 'pop', 'pop soul', 'uk pop']",4dpARuHxo51G3z768sgnrY
15,2OawRn0NvWkStuemgdae4i,0,0.885,0.477,-9.196,0.691,0.000131,0.0664,0.000664,130.078,['atlanta bass'],4JbmXqez7WvTggoxn3UpVT
16,6NV8bM1StHDcWMoTVWix1J,54,0.732,0.462,-7.963,0.518,0.903,0.0363,0.0,121.061,['viral pop'],4zrB9WV6Z0iKKnGb1Pj0P2
17,3tZN1J8zIoLlzqQPlUkeyE,37,0.69,0.197,-8.643,0.424,0.885,0.0361,0.0,119.892,"['v-pop', 'vietnamese singer-songwriter']",6OzE2OdvV2tGAxSBsBuZ74
18,442j8VxaB60dWf9cBFuX5w,70,0.324,0.327,-7.494,0.334,0.825,0.0409,0.0,81.328,['pop'],66CXWjxzNUsdJxJ2JdwvnR
19,5VwSwu1zeiMGAjwe9nUmzZ,0,0.721,0.273,-7.617,0.181,0.733,0.028,0.0,105.846,"['british soul', 'pop', 'pop soul', 'uk pop']",4dpARuHxo51G3z768sgnrY
20,6VwBbL8CzPiC4QV66ay7oR,73,0.658,0.591,-5.197,0.326,0.00959,0.0309,5.27e-06,114.078,"['canadian contemporary r&b', 'canadian pop', 'pop']",1Xyo4u8uXC1ZmMpatF05PJ
21,3cJ520R7Pwav2xrQUHCcZo,55,0.584,0.539,-8.1,0.514,0.432,0.0611,2.82e-05,85.782,['korean r&b'],0u06YeydlBk3awnk5KgdBx
22,1PiBRzQzrPdOusFBkodfvt,0,0.78,0.404,-7.526,0.725,0.847,0.0308,0.000761,97.011,[],5QIhpiFVMtAGsnNiiMRGOw
23,4iTyf5pLZMOR8YrEZgSopo,55,0.884,0.492,-5.343,0.11,0.16,0.112,0.0,130.072,"['detroit hip hop', 'hip hop', 'rap']",7dGJo4pcD2V6oG8kP0tJRR
24,12B0Twa9kRz45Xw2PgXHJm,59,0.552,0.637,-6.568,0.333,0.464,0.0445,1.63e-05,97.97,"['pop', 'uk pop']",6eUKZXaKkcviH0Ku9w2n3V
25,1c0LbgYt51JeBUMAzofjkq,46,0.878,0.732,-6.092,0.777,0.548,0.115,1.44e-06,130.001,['vietnamese hip hop'],2OkxNsNz7QXCBwlME0fSsk
26,2xLMifQCjDGFmkHkpNLD9h,84,0.834,0.73,-3.714,0.446,0.00513,0.222,0.0,155.008,"['hip hop', 'rap', 'slap house']",0Y5tJX1MQlPlqiwlOH1tJY
27,6C7RJEIUDqKkJRZVWdkfkH,0,0.625,0.726,-7.731,0.483,0.00728,0.155,0.0,103.98,"['chicago rap', 'hip hop', 'rap']",5K4W6rqBFWDnAN6FQUkS6x
28,5I6y1KWmUoV5YCaIEcs1qs,0,0.571,0.172,-20.7,0.297,0.979,0.0318,0.275,90.972,"['art pop', 'baroque pop', 'chamber pop', 'indie pop', 'indie rock', 'singer-songwriter']",4MXUO7sVCaFgFjoTI5ox5c
29,17iGUekw5nFt5mIRJcUm3R,63,0.569,0.66,-5.268,0.497,0.0675,0.0358,0.0,155.907,"['v-pop', 'vietnamese melodic rap']",5dfZ5uSmzR7VQK0udbAVpf
30,5pY3ovFxbvAg7reGZjJQSp,0,0.641,0.176,-11.692,0.297,0.638,0.0349,5.14e-06,76.031,"['pop', 'uk pop']",6eUKZXaKkcviH0Ku9w2n3V
31,5v4sZRuvWDcisoOk1PFv6T,66,0.66,0.316,-11.567,0.543,0.529,0.0364,0.000294,91.207,"['pop', 'uk pop']",6eUKZXaKkcviH0Ku9w2n3V
32,0dw9IoWfjqlv5Bxg9mcGVi,0,0.666,0.618,-6.971,0.277,0.733,0.0316,1.55e-05,129.989,[],0748DjmEC5DZf229MuZXht
33,1wMALZpuqAy7amQsFBWQ8m,0,0.587,0.283,-5.473,0.343,0.882,0.0279,0.0,141.961,"['british soul', 'pop', 'pop soul', 'uk pop']",4dpARuHxo51G3z768sgnrY
34,2Jaaw8PrdUfPlU6o6tL5dl,51,0.652,0.332,-10.801,0.298,0.331,0.0293,0.0,113.904,"['indie viet', 'v-pop']",2xvW7dgL1640K8exTcRMS4
35,6fujklziTHa8uoM5OQSfIo,76,0.794,0.632,-6.163,0.355,0.142,0.0649,0.0,145.926,"['melodic rap', 'mississippi hip hop', 'rap', 'trap']",7iZtZyCzp3LItcw1wtPI3D
36,0Bk064jKjWtfdOD8UkcImR,51,0.544,0.307,-10.531,0.329,0.814,0.0263,0.0,149.877,"['indie viet', 'v-pop']",2xvW7dgL1640K8exTcRMS4
37,3yWacnoBnM0lrzLmXAk44d,51,0.49,0.485,-6.632,0.329,0.684,0.0359,0.0,170.063,['v-pop'],1L1VfizWn4DkFt602yD80U
38,2tUBqZG2AbRi7Q0BIrVrEj,83,0.709,0.824,-8.824,0.867,0.207,0.0453,0.000307,118.818,['dance pop'],6XpaIBNiVzIetEPCWDvAFP
39,7vs3JM90lKhp11av83WA5j,54,0.523,0.572,-6.834,0.306,0.356,0.0274,1.29e-06,106.943,"['c-pop', 'mandopop', 'taiwan pop', 'zhongguo feng']",2elBjNSdBE2Y3f0j1mjrql
40,0ARK753YaiJbpLUk7z5yIM,79,0.727,0.552,-8.074,0.607,0.227,0.14,0.000164,168.189,"['dance pop', 'gangster rap', 'hip hop', 'pop rap', 'rap', 'st louis rap', 'urban contemporary']",2gBjLmx6zQnFGQJCAQpRgw
41,1UvTPXlImVd4jcucK4qJwb,62,0.7,0.781,-8.255,0.385,0.0869,0.0507,0.00342,108.694,['soft rock'],1XE70WwxhnrXNAJYQQ9ygx
42,7t5m6zRwIEBxmPt8lNoPPi,0,0.38,0.481,-9.874,0.237,0.464,0.0567,0.0,105.36,"['canadian contemporary r&b', 'canadian pop', 'pop']",1Xyo4u8uXC1ZmMpatF05PJ
43,30XMamr641niyKOg3yV9B0,32,0.685,0.325,-9.908,0.167,0.761,0.0368,4.25e-05,159.991,"['indie viet', 'v-pop']",2xvW7dgL1640K8exTcRMS4
44,0wBfjdd1PyQsw3YeEFBrgT,0,0.649,0.626,-5.535,0.214,0.699,0.0541,0.0,94.847,"['indie viet', 'v-pop', 'vietnamese hip hop']",6zUWZmyi5MLOEynQ5wCI5f
45,3yfqSUWxFvZELEM4PmlwIR,88,0.949,0.661,-4.244,0.76,0.0302,0.0572,0.0,104.504,"['detroit hip hop', 'hip hop', 'rap']",7dGJo4pcD2V6oG8kP0tJRR
46,26KyYm1DSOiDJQNj7Sc4bM,0,0.416,0.332,-10.479,0.225,0.873,0.0535,0.0,182.905,"['v-pop', 'vietnamese singer-songwriter']",7lq25uVNvzRoAJgr4CYr8e
47,5qfZRNjt2TkHEL12r3sDEU,69,0.534,0.445,-9.155,0.136,0.456,0.0292,0.0684,146.107,"['permanent wave', 'pop']",4gzpq5DPGxSnKTe4SA8HAU
48,5HaKldnT9gWe70hr8bstmh,0,0.626,0.428,-8.746,0.309,0.802,0.0386,0.0,130.025,['v-pop'],5Cf9nBDNc99UFkq9Yqap7Q
49,3gdewACMIVMEWVbyb8O9sY,82,0.601,0.532,-9.119,0.341,0.432,0.0286,6.25e-06,136.571,"['glam rock', 'mellow gold', 'piano rock', 'rock']",3PhoLpVuITZKcymswpck5b
50,4A7EkKijzA4ryEoCRWJzdG,71,0.451,0.34,-7.466,0.221,0.763,0.031,2.49e-06,110.502,"['art pop', 'dance pop', 'pop']",1HY2Jd0NmPuamShAr6KMms
51,6TodWdTSDfzwgYynTZSvJn,68,0.409,0.678,-7.731,0.168,0.359,0.0878,4.76e-06,89.968,['asian american hip hop'],1AhjOkOLkbHUfcHDSErXQs
52,1lyNFzcCl9kXCof6GV32fV,52,0.617,0.439,-5.63,0.242,0.424,0.0269,0.0,139.979,"['pop', 'uk pop']",6eUKZXaKkcviH0Ku9w2n3V
53,1nk9moKBnrWMsXoHxnaeJd,54,0.708,0.432,-7.113,0.628,0.81,0.0556,5.98e-05,79.986,['korean pop'],0LigV2SSsRZaeX2htEFXV9
54,2J4DpqJCIuuM9WjtWHbjvd,63,0.298,0.295,-8.789,0.199,0.869,0.0318,0.0,171.361,"['boy band', 'pop']",2jnIB6XdLvnJUeNTy5A0J2
55,3xkxcbnc7G3XYuZt6eUnI5,52,0.503,0.955,-1.533,0.818,0.0265,0.381,0.0,173.521,"['east coast hip hop', 'gangster rap', 'hip hop', 'pop rap', 'rap']",3nFkdlSjzX9mRTtwJOzDYB
56,6n4U3TlzUGhdSFbUUhTvLP,76,0.907,0.633,-5.145,0.395,0.0876,0.184,2.6e-06,145.914,"['atl hip hop', 'hip hop', 'rap', 'trap']",6oMuImdp5ZcFhWP0ESe6mG
57,2AiZm17zqkV7llT3SHz4Nu,0,0.789,0.488,-5.662,0.29,0.32,0.297,0.0,159.986,"['indie viet', 'v-pop', 'vietnamese hip hop', 'vietnamese trap']",1LEtM3AleYg1xabW6CRkpi
58,1wl3u4FrzcuBv2LQ97Z6TQ,47,0.556,0.446,-8.328,0.307,0.537,0.03,0.0,96.043,[],5MmVJVhhYKQ86izuGHzJYA
59,49FYlytm3dAAraYgpoJZux,85,0.583,0.829,-4.603,0.575,0.00864,0.134,0.0,174.028,"['barbadian pop', 'pop', 'urban contemporary']",5pKCCKE2ajJHZ9KAiaK11H
60,5fFLotKS1286huYIMQHqz7,63,0.888,0.418,-9.812,0.531,0.665,0.0573,0.0,127.073,"['v-pop', 'vietnamese melodic rap']",5dfZ5uSmzR7VQK0udbAVpf
61,0zVEBZoLToUJygyfKg9GDS,0,0.473,0.295,-12.243,0.22,0.859,0.0313,2.39e-06,134.175,['v-pop'],23Gbd21nBxC1kCtcG2Cd0C
62,4h0zU3O9R5xzuTmNO7dNDU,73,0.71,0.0565,-15.099,0.348,0.965,0.0534,0.0,123.994,"['alt z', 'canadian contemporary r&b', 'canadian pop', 'pop']",2WzaAvm2bBCf4pEhyuDgCY
63,2PUQu6RlN3DDJOoJ26JW8u,0,0.543,0.407,-12.741,0.327,0.401,0.0389,0.000113,134.831,"['canadian contemporary r&b', 'canadian pop', 'pop']",1Xyo4u8uXC1ZmMpatF05PJ
64,3RJclnBV8g9mvHPtSzPf7c,56,0.694,0.719,-4.538,0.352,0.00131,0.0484,1.47e-05,129.961,"['dance pop', 'hip pop', 'pop', 'r&b', 'urban contemporary']",2NdeV5rLm47xAvogXrYhJX
65,4xUnvfs5lN7hcgWwyXZA11,34,0.774,0.63,-7.807,0.77,0.349,0.286,0.0,140.033,['asian american hip hop'],1AhjOkOLkbHUfcHDSErXQs
66,5FVd6KXrgO9B3JPmC8OPst,88,0.548,0.532,-7.596,0.405,0.186,0.0323,0.000263,85.03,"['garage rock', 'modern rock', 'permanent wave', 'rock', 'sheffield indie']",7Ln80lUS6He07XvHI8qqHH
67,3VOeGtJwJh2jslvQAFaaEn,0,0.811,0.276,-14.892,0.704,0.785,0.042,2.83e-06,95.021,"['v-pop', 'vietnamese singer-songwriter']",2xK6qcvfXuFFbU0NL95aeo
68,0Z2Fq6CZic1jR1YCbqolkY,23,0.501,0.429,-5.616,0.229,0.643,0.0292,0.0,131.701,['korean pop'],2G5VFTwwlZUulCbtPbc1nx
69,503OTo2dSqe7qk76rgsbep,84,0.816,0.775,-3.323,0.527,0.16,0.234,0.00031,93.431,"['g funk', 'gangster rap', 'hip hop', 'rap', 'west coast rap']",6DPYiyq5kWVQS4RGwxzPC7
70,2vEQ9zBiwbAVXzS2SOxodY,0,0.643,0.801,-4.921,0.534,0.0298,0.0228,0.0,95.988,"['album rock', 'classic rock', 'heartland rock', 'mellow gold', 'new romantic', 'new wave pop', 'soft rock', 'synthpop']",0kObWap02DEg9EAJ3PBxzf
71,014DA3BdnmD3kI5pBogH7c,62,0.781,0.608,-8.452,0.609,0.217,0.0408,3.63e-05,101.017,"['indie viet', 'v-pop']",2xvW7dgL1640K8exTcRMS4
72,2DQ11fiHhS2436z7Odek4o,0,0.585,0.497,-6.643,0.102,0.495,0.0264,0.0,120.309,"['alternative metal', 'funk metal', 'nu metal', 'post-grunge', 'rap metal', 'rock']",165ZgPlLkK7bf5bDoFc6Sb
73,0F02KChKwbcQ3tk4q1YxLH,66,0.547,0.567,-7.295,0.399,0.276,0.0242,0.000548,137.13,"['c-pop', 'mandopop', 'taiwan pop', 'zhongguo feng']",2elBjNSdBE2Y3f0j1mjrql
74,1MiJk3dXC5jzhvLFP0dUM7,61,0.66,0.578,-8.591,0.19,0.45,0.0306,8.86e-05,127.092,"['indie viet', 'v-pop', 'vietnamese hip hop']",6zUWZmyi5MLOEynQ5wCI5f
75,0fWBFDRTIuk8ZgNdZqhCer,58,0.619,0.404,-8.333,0.566,0.0144,0.441,0.0,90.008,"['detroit hip hop', 'hip hop', 'pop rap', 'r&b', 'rap', 'southern hip hop', 'trap']",0c173mlxpT3dSFRgMO8XPh
76,5QD4S8vG6j7b73qyly52dP,0,0.647,0.488,-7.218,0.178,0.675,0.0401,0.0,102.979,['v-pop'],4x1fUORHa2EsxrQ6ZzAoQ0
77,11bD1JtSjlIgKgZG2134DZ,13,0.563,0.592,-4.571,0.136,0.209,0.0276,5.08e-05,104.016,"['irish rock', 'modern rock', 'neo mellow', 'permanent wave', 'pop rock']",3rIZMv9rysU7JkLzEaC5Jp
78,5hkAuvgkOrd4KpDOlCNsvW,63,0.677,0.727,-5.304,0.457,0.119,0.0328,0.0,149.986,[],5jTFNkoZebPnX90CbB3F2A
79,1F3mf3BPEXbAySPrWmDlux,49,0.875,0.449,-6.277,0.455,0.17,0.0481,6.47e-06,95.003,"['indie viet', 'v-pop']",6tWaQSIL7reD85PKStNk28
80,1bp2IO61zbQrbWNmKKxg3f,75,0.596,0.448,-9.616,0.796,0.365,0.0396,5.3e-06,83.293,"['album rock', 'classic rock', 'hard rock', 'heartland rock', 'mellow gold', 'rock', 'singer-songwriter', 'soft rock']",6QtGlUje9TIkLrgPZrESuk
81,2uZ1QybKa1eErzMxAzJiJV,34,0.516,0.539,-6.453,0.311,0.234,0.0896,9.22e-05,123.936,['alt z'],4xnihxcoXWK3UqryOSnbw5
82,0CjrIEPmqIKnBHy99hun3v,0,0.659,0.364,-9.174,0.231,0.559,0.0317,0.0,129.776,"['contemporary r&b', 'quiet storm', 'r&b', 'urban contemporary']",6k0IBR0lU42s2GYpNX7kA9
83,6eaMGx3uW7rWCf5Gz6Lg5x,0,0.709,0.387,-6.293,0.332,0.826,0.0414,2.3e-05,123.956,['v-pop'],63SNH9m8M034lCGELVC1dm
84,6Hgh47WXVKtXN5zGOu0hjI,73,0.652,0.678,-6.183,0.28,0.183,0.0541,3.26e-05,72.989,"['pop', 'pop r&b']",6LuN9FCkKOj5PcnpouEgny
85,6uZya2oCjigBaM7uRhuGZ6,43,0.763,0.34,-11.699,0.514,0.819,0.0392,0.0,95.945,['v-pop'],6yzbDKj9tQCYUyhAvrDNHW
86,6TBJkXHPhu3EsMk1bshwuI,78,0.536,0.296,-7.451,0.151,0.892,0.0346,0.0,122.907,['k-pop'],7cVZApDoQZpS447nHTsNqu
87,66qlqxhEMpSHOzjRK4il0b,59,0.461,0.834,-4.868,0.471,0.0232,0.0989,1.14e-05,135.007,"['pop', 'uk pop']",6eUKZXaKkcviH0Ku9w2n3V
88,1xSYBj6IbFfCCcTFZP3NOY,0,0.587,0.426,-9.574,0.469,0.761,0.0382,0.0,79.967,"['v-pop', 'vietnamese hip hop', 'vietnamese melodic rap']",3rjcQ5VIWCN4q7UFetzdeO
89,13HVjjWUZFaWilh2QUJKsP,71,0.546,0.311,-10.396,0.246,0.818,0.0288,1.65e-05,147.464,"['neo mellow', 'pop', 'uk pop']",4EzkuveR9pLvDVFNx6foYD
90,04x6DpeFQ72efXsD0DmWPQ,58,0.543,0.428,-8.966,0.173,0.14,0.0262,0.0,112.985,"['c-pop', 'mandopop', 'taiwan pop', 'zhongguo feng']",2elBjNSdBE2Y3f0j1mjrql
91,2Ch7LmS7r2Gy2kc64wv3Bz,87,0.582,0.525,-7.163,0.51,0.111,0.0627,0.0,133.249,"['canadian contemporary r&b', 'canadian pop', 'pop']",1Xyo4u8uXC1ZmMpatF05PJ
92,5nCthAh3jt4xKuLJAifAaR,73,0.722,0.757,-6.207,0.721,0.185,0.132,6.32e-06,140.094,['pop'],6jJ0s89eD6GaHleKKya26X
93,1D1nixOVWOxvNfWi0UD7VX,1,0.706,0.8,-6.333,0.629,0.00584,0.0399,0.0,100.011,"['dance pop', 'pop', 'post-teen pop']",7o95ZoZt5ZYn31e9z1Hc0a
94,1HNkqx9Ahdgi1Ixy2xkKkL,86,0.614,0.379,-10.48,0.201,0.607,0.0476,0.000464,107.989,"['pop', 'uk pop']",6eUKZXaKkcviH0Ku9w2n3V
95,1imMjt1YGNebtrtTAprKV7,66,0.659,0.667,-4.668,0.468,0.00173,0.0339,2.85e-05,115.982,"['dance pop', 'pop', 'uk pop']",6M2wZ9GZgrQXHCFfjv46we
96,2hcPE11xSLCNHt5PYidj5U,0,0.387,0.413,-8.95,0.249,0.162,0.0559,1.56e-05,173.73,"['british soul', 'electropop', 'neo soul', 'pop soul', 'uk pop']",5Mq7iqCWBzofK39FBqblNc
97,1RS3LStQYhju50eBdD9Uul,60,0.348,0.532,-5.882,0.148,0.592,0.0331,0.0,129.297,"['dance pop', 'pop', 'urban contemporary']",4iHNK0tOyZPYnBU7nGAgpQ
98,06Y6AQOxZw8Ybibi1ELCoi,38,0.733,0.855,-4.246,0.689,0.51,0.0332,0.0,99.486,['classic k-pop'],0w3PsroIezW7uRTNxEJLb9
99,7neOIVKDsLaUXV5y84jGuY,53,0.35,0.348,-6.156,0.274,0.805,0.0317,4.48e-06,146.603,['korean pop'],1dOMFM5wDNsENQQW0nl0K8
100,3qJImzh896FdKl5mJfpFaC,55,0.503,0.482,-7.173,0.243,0.595,0.0247,1.37e-06,92.567,"['swedish americana', 'swedish country']",21egYD1eInY6bGFcniCRT1
101,2wBCrtJS3E3TimRZ5MElTI,72,0.539,0.414,-9.156,0.123,0.253,0.0601,1.3e-06,94.895,['r&b'],5ZS223C6JyBfXasXxrRqOk
102,2LykruN1mQlg9nuUaE7dvQ,0,0.512,0.456,-7.285,0.163,0.773,0.0328,0.0,122.886,"['v-pop', 'vietnamese singer-songwriter']",6OzE2OdvV2tGAxSBsBuZ74
103,0nAQSPlqQ89ok7g2uzfHgy,0,0.86,0.535,-8.561,0.503,0.0271,0.148,0.0,96.487,"['dance pop', 'pop']",085pc2PYOi8bGKj0PNjekA
104,58q2HKrzhC3ozto2nDdN4z,79,0.816,0.726,-3.998,0.65,0.099,0.129,0.0,136.048,"['pop', 'rap']",4kYSro6naA4h99UJvo89HB
105,2EEeOnHehOozLq4aS0n6SL,72,0.746,0.653,-6.745,0.672,0.378,0.289,0.0,75.016,"['deep underground hip hop', 'indie pop rap', 'pop rap', 'viral trap']",4qBgvVog0wzW75IQ48mU7v
106,7bmqcI1HQwx1PWwYyZO0lg,0,0.619,0.806,-4.8,0.877,0.272,0.0483,0.0,95.0,"['barbadian pop', 'pop', 'urban contemporary']",5pKCCKE2ajJHZ9KAiaK11H
107,55nlbqqFVnSsArIeYSQlqx,63,0.456,0.342,-8.162,0.224,0.129,0.0283,0.0,84.087,"['neo soul', 'pop', 'pop soul', 'urban contemporary']",5y2Xq6xcjJb2jVM54GHK3t
108,1j3H54xdahpAkNI0q6S89q,0,0.659,0.696,-4.291,0.665,0.143,0.071,0.0,86.001,"['r&b', 'rap']",7bXgB6jMjp9ATFy66eO08Z
109,3OHfY25tqY28d16oZczHc8,92,0.644,0.728,-5.75,0.43,0.0543,0.0351,0.169,88.993,"['pop', 'r&b', 'rap']",7tYKF4w9nC0nq9CsPZTHyP
110,2Ce5IyMlVRVvN997ZJjJJA,18,0.415,0.369,-10.044,0.0913,0.0303,0.0741,7.64e-06,95.746,"['atl hip hop', 'hip hop', 'rap', 'southern hip hop', 'trap']",1RyvyyTE3xzB2ZywiAwp0i
111,696w9BHmEY62myVCSDyrYW,55,0.656,0.331,-9.88,0.5,0.363,0.0302,0.0,105.015,"['indie viet', 'v-pop']",2xvW7dgL1640K8exTcRMS4
112,15pJt4lLVKGC7I6gmu43pm,47,0.765,0.545,-8.361,0.615,0.406,0.0545,2.91e-05,147.232,['sped up'],1DHHaCy2ri351JypVkX9B0
113,5knuzwU65gJK7IF5yJsuaW,76,0.72,0.763,-4.068,0.742,0.406,0.0523,0.0,101.965,"['pop', 'uk dance', 'uk funky']",6MDME20pz9RveH9rEXvrOM
114,6OsEQa0fSWbsqbrF0aQip4,0,0.5,0.268,-13.59,0.187,0.727,0.235,0.0,92.056,"['alt z', 'pop']",3iri9nBFs9e4wN7PLIetAw
115,6UgaKUJSO0Xp47x6pL1LaA,51,0.688,0.563,-5.945,0.243,0.439,0.0334,2.57e-06,93.023,"['v-pop', 'vietnamese singer-songwriter']",5OvCh1Nin8AGw7OkxYinBe
116,1TQXIltqoZ5XXyfCbAeSQQ,80,0.629,0.328,-8.284,0.389,0.768,0.029,2.5e-05,74.953,['alt z'],4xnihxcoXWK3UqryOSnbw5
117,3N2ppgHelZPCpPVmVsxr9J,0,0.458,0.137,-14.083,0.437,0.882,0.0355,0.0,80.824,"['broadway', 'show tunes']",6qGkLCMQkNGOJ079iEcC5k
118,0oTtnnedK0C4unALxVTPhz,62,0.365,0.273,-16.526,0.238,0.94,0.038,0.431,132.285,"['art pop', 'baroque pop', 'chamber pop', 'indie pop', 'indie rock', 'singer-songwriter']",4MXUO7sVCaFgFjoTI5ox5c
119,34uOIsoy6ETS2sxOTWBRDF,52,0.771,0.287,-17.208,0.402,0.669,0.072,0.0,93.041,"['indie viet', 'v-pop', 'vietnamese hip hop', 'vietnamese trap']",1LEtM3AleYg1xabW6CRkpi
120,0qcjuYtMWhBjXg0Xwt5SzS,70,0.94,0.633,-3.56,0.962,0.0581,0.0467,4.04e-05,121.003,"['detroit hip hop', 'hip hop', 'rap']",7dGJo4pcD2V6oG8kP0tJRR
121,7n5eQJYX7e6H5gkzgyEfQG,58,0.694,0.592,-6.406,0.305,0.742,0.0367,0.0,95.047,"['k-pop', 'k-rap', 'korean old school hip hop']",5snNHNlYT2UrtZo5HCJkiw
122,6MxIazgQENgaa6StpFxGpu,57,0.593,0.437,-7.098,0.484,0.699,0.0552,0.0,121.662,"['k-pop', 'korean r&b']",6UbmqUEgjLA6jAcXwbM1Z9
123,1dNIEtp7AY3oDAKCGg2XkH,74,0.607,0.649,-6.695,0.505,0.0306,0.0362,2.46e-05,102.996,"['electropop', 'pop', 'tropical house']",69GGBxA162lTqCwzJG5jLp
124,1MZXUaUI0Dre17fdCFjDC3,39,0.755,0.699,-4.193,0.311,0.014,0.0352,0.0,130.028,"['new jersey rap', 'pop rap', 'rap', 'southern hip hop', 'trap']",6PXS4YHDkKvl1wkIl4V8DL
125,6yIdwnpDHufLWgQcveTPMk,0,0.735,0.451,-8.374,0.0862,0.0631,0.0585,1.3e-05,117.973,"['pop', 'uk pop']",5ZsFI1h6hIdQRw2ti0hz81
126,4xAk8Lw82G3YoVSOdVAsBx,1,0.866,0.454,-9.383,0.368,0.0373,0.0414,1.49e-06,99.985,['dance pop'],0z4gvV4rjIZ9wHck67ucSV
127,127QTOFJsJQp5LbJbu3A1y,74,0.834,0.454,-9.75,0.837,0.321,0.201,6.15e-06,81.618,"['canadian hip hop', 'canadian pop', 'hip hop', 'rap', 'toronto rap']",3TVXtAsR1Inumwj472S9r4
128,0Es86fEJ5PMGc4hXuRnrnO,0,0.432,0.438,-8.743,0.207,0.372,0.0276,0.00472,119.812,"['modern rock', 'nottingham indie']",4hf3caW9H8uFwwbv5pFjcg
129,6B1Io9VDzMAmwFjrplDJw8,0,0.698,0.587,-4.318,0.569,0.717,0.0569,1.5e-06,88.006,['v-pop'],5fa13NJjmn2uQ3dxZDi2Ge
130,7E390nZTMqEbrNC1TmHd42,61,0.525,0.809,-6.185,0.21,0.0819,0.0619,1.22e-06,127.073,"['canadian pop', 'pop']",1uNFoZAHBGtllmzznpCI3s
131,5AZGbqiIK5t1jrWSPT7k8X,41,0.672,0.699,-7.831,0.46,0.395,0.0475,0.0,113.737,"['classic rock', 'glam rock', 'rock']",1dfeR4HaWDbWqFHLkxsg1d
132,5Msoarj5hk9LguTtiIyqug,61,0.691,0.564,-4.606,0.356,0.774,0.0266,0.0,110.043,['v-pop'],5FWPIKz9czXWaiNtw45KQs
133,275a9yzwGB6ncAW4SxY7q3,68,0.685,0.731,-5.503,0.266,0.0292,0.414,0.0,145.245,"['pop rap', 'rap', 'southern hip hop', 'trap', 'viral trap']",7pFeBzX627ff0VnN6bxPR4
134,02oPCMjI9z1k8c9nlEXnqO,30,0.812,0.734,-7.363,0.626,0.196,0.0412,0.718,95.983,[],6rGbkxba8N9yajezrAVMxH
135,3FAclTFfvUuQYnEsptbK8w,80,0.403,0.422,-13.964,0.378,0.134,0.0373,2.05e-05,122.728,"['british soul', 'neo soul']",6Q192DXotxtaysaqNPy5yR
136,1h3EVszfYhe2I9ql6aHqW4,0,0.674,0.424,-10.134,0.354,0.379,0.0433,4.95e-06,130.01,['malaysian pop'],3kHVioJpVxlazAAKQ64pC1
137,4AFgK4wP1iD5i8BYaLr9Vf,56,0.807,0.736,-6.748,0.54,0.109,0.151,0.00729,154.023,"['atl hip hop', 'hip hop', 'rap', 'southern hip hop', 'trap']",1RyvyyTE3xzB2ZywiAwp0i
138,1AAGvzJRWMTKx7PNfeTvP4,51,0.669,0.403,-10.745,0.111,0.538,0.0659,2.22e-05,105.01,['v-pop'],5Kh0ta0UY4uJ4g2CIdq9V9
139,6CUTYJQKcDwcQ63EulINUo,57,0.476,0.407,-9.239,0.226,0.247,0.0368,0.0,178.258,"['canadian pop', 'contemporary r&b', 'r&b', 'urban contemporary']",0le01dl1WllSHhjEXRl4in
140,7MAibcTli4IisCtbHKrGMh,12,0.586,0.616,-7.964,0.719,0.182,0.0324,0.0,148.088,"['dance pop', 'pop']",0du5cEVh5yTK9QJze8zA0C
141,47jgSvqlKwGyBLPnMfeEZN,58,0.707,0.336,-9.347,0.159,0.237,0.0306,0.000984,98.189,"['canadian contemporary r&b', 'folk-pop']",0WfaItAbs4vlgIA1cuqGtJ
142,6VXVYATpQXEIoZ97NnWCmn,67,0.775,0.358,-6.473,0.524,0.861,0.0527,0.0,139.982,"['indie viet', 'v-pop', 'vietnamese melodic rap']",1OIYKbmhG0RxPXvVPNj3NN
143,38zsOOcu31XbbYj9BIPUF1,81,0.554,0.315,-11.028,0.325,0.828,0.0298,5.53e-06,128.157,"['glam rock', 'mellow gold', 'piano rock', 'rock']",3PhoLpVuITZKcymswpck5b
144,2rGCYAabfA63PIzhQm7hVq,55,0.816,0.471,-8.061,0.402,0.716,0.0633,3.12e-05,109.013,['v-pop'],2aMo0CYbTieTisS0BlWc59
145,0bYg9bo50gSsH3LtXe2SQn,68,0.336,0.627,-7.463,0.35,0.164,0.0384,0.0,150.273,"['dance pop', 'pop', 'urban contemporary']",4iHNK0tOyZPYnBU7nGAgpQ
146,1cKHdTo9u0ZymJdPGSh6nq,89,0.323,0.737,-4.008,0.155,0.142,0.0338,0.000162,113.26,"['canadian contemporary r&b', 'canadian pop', 'pop']",1Xyo4u8uXC1ZmMpatF05PJ
147,6VcAvPi9QbnUO42pQy6WVN,33,0.895,0.682,-5.268,0.563,0.156,0.356,0.0,121.925,"['baton rouge rap', 'rap', 'trap']",1gPhS1zisyXr5dHTYZyiMe
148,3NJG6vMH1ZsectZkocMEm0,68,0.603,0.725,-3.054,0.304,0.174,0.0393,0.0,122.803,"['pop rap', 'rap', 'southern hip hop', 'trap', 'viral trap']",7pFeBzX627ff0VnN6bxPR4
149,0s3nnoMeVWz3989MkNQiRf,0,0.511,0.566,-7.23,0.218,0.349,0.2,0.0,83.903,"['chicago rap', 'melodic rap', 'rap']",4MCBfE4596Uoi2O4DtmEMz
150,0xaFw2zDYf1rIJWl2dXiSF,81,0.665,0.59,-7.608,0.216,0.763,0.161,0.0132,77.559,"['pop', 'r&b', 'rap']",7tYKF4w9nC0nq9CsPZTHyP
151,39TAKt2hL8sdhVTFCNfm2Y,59,0.809,0.49,-7.08,0.353,0.839,0.0388,0.0,99.967,['v-pop'],6LrBtADUmDoLlcTrg448Qt
152,1j4kHkkpqZRBwE0A4CN4Yv,77,0.259,0.437,-6.589,0.0951,0.102,0.0386,1.32e-06,180.042,"['pop', 'uk pop']",5ZsFI1h6hIdQRw2ti0hz81
153,0hNduWmlWmEmuwEFcYvRu1,70,0.783,0.467,-9.474,0.236,0.729,0.0503,0.809,90.838,"['new french touch', 'tropical house']",6gK1Uct5FEdaUWRWpU4Cl2
154,3USxtqRwSYz57Ewm6wWRMp,89,0.761,0.525,-6.9,0.531,0.44,0.0944,6.7e-06,80.87,"['gauze pop', 'indietronica', 'modern rock', 'pov: indie', 'shiver pop']",4yvcSjfu4PC0CYQyLy4wSq
155,3Dv1eDb0MEgF93GpLXlucZ,79,0.787,0.673,-4.583,0.779,0.264,0.159,3.35e-06,110.962,"['dance pop', 'pop']",5cj0lLjcoR7YOSnhnX0Po5
156,5pD9x23lsoQr464mlmaKNJ,0,0.451,0.809,-5.327,0.481,0.073,0.141,0.0,189.888,['pop'],6jJ0s89eD6GaHleKKya26X
157,7szuecWAPwGoV1e5vGu8tl,80,0.667,0.719,-5.371,0.717,0.00285,0.0346,8.1e-05,100.021,"['canadian contemporary r&b', 'canadian pop', 'pop']",1Xyo4u8uXC1ZmMpatF05PJ
158,1izPmgSW7FV6XFdEOiTvOY,61,0.509,0.483,-7.386,0.387,0.871,0.0491,7.29e-06,185.915,['v-pop'],1nX1HVIUo1Zfs3e2v3lFb9
159,55OdqrG8WLmsYyY1jijD9b,63,0.863,0.576,-5.687,0.832,0.124,0.239,0.0,132.054,"['atl hip hop', 'atl trap', 'gangster rap', 'melodic rap', 'rap', 'trap']",50co4Is1HCEo8bhOyUWKpn
160,7AQAlklmptrrkBSeujkXsD,57,0.442,0.606,-5.825,0.359,0.0678,0.0259,1.43e-05,171.982,"['neo mellow', 'piano rock', 'pop rock']",53A0W3U0s8diEn9RhXQhVz
161,5pf3f5rhtUnZ1PeTcHKVdz,41,0.656,0.293,-11.125,0.278,0.728,0.0323,0.0,115.972,['v-pop'],7yquVKfxBuNFJbG9cy2R8A
162,2pWZZZGURB0k1R38CP8ouq,0,0.67,0.637,-5.275,0.301,0.0543,0.0445,0.0,134.056,['pop'],66CXWjxzNUsdJxJ2JdwvnR
163,1qsjEmjRzXVsmC0oLitHzN,65,0.564,0.809,-4.427,0.358,0.518,0.176,0.0,145.814,"['k-pop', 'k-rap', 'korean pop']",0dX6tgZKWpamoFHFuXFhwd
164,66kQ7wr4d2LwwSjr7HXcyr,60,0.705,0.628,-5.362,0.465,0.0287,0.0489,0.0193,96.799,"['conscious hip hop', 'hip hop', 'rap', 'west coast rap']",2YZyLoL8N0Wb9xBt1NhZWg
165,2lTtnKQgjbrBA1qnOFhBkP,6,0.273,0.565,-7.283,0.298,0.516,0.248,1.68e-06,179.518,"['indie pop', 'la pop', 'pov: indie']",2HkSsS8O2U2gPhnCGVN5vn
166,0m0FYyIbSDiASOlQ64GDO5,64,0.679,0.657,-6.222,0.363,0.0219,0.0423,0.0,86.984,"['barbadian pop', 'dance pop', 'post-teen pop']",4M6Z1wubeKtwPqbjJygTOc
167,11YWR8tzDTR2P4KZ3lAySj,56,0.508,0.46,-7.662,0.565,0.325,0.0404,0.0,75.836,['northern soul'],3mC1KCuZZSOlN8Z0M56VsV
168,5hQAvqoRM00q0dVJxAJmCn,0,0.622,0.699,-6.514,0.386,0.107,0.0466,0.0,133.931,"['dfw rap', 'melodic rap', 'pop', 'rap']",246dkjvS1zLTtiykXe5h60
169,3u52zdokN8DLDJyj9YkkDP,0,0.62,0.701,-6.535,0.375,0.102,0.0451,0.0,133.904,"['dfw rap', 'melodic rap', 'pop', 'rap']",246dkjvS1zLTtiykXe5h60
170,6Yc3tjFCVR2bfAQFRTZBef,73,0.633,0.799,-4.625,0.534,0.0144,0.0427,0.0,142.991,"['k-pop', 'k-pop boy group', 'pop']",3Nrfpe0tUJi4K4DXYWgMUX
171,7krbSH3rd8lhIZvuzTV3Bl,71,0.529,0.607,-6.781,0.238,0.104,0.0574,0.0,101.966,"['pop', 'talent show', 'uk pop']",4IWBUUAFIplrNtaOHcJPRM
172,0rFZaQ4crlGAzuCjWCQ2xu,66,0.577,0.576,-6.299,0.12,0.0143,0.0563,0.0,133.973,"['dance pop', 'hip pop', 'pop', 'r&b', 'urban contemporary']",2NdeV5rLm47xAvogXrYhJX
173,3MEt5KPNRD7RpE8BnvJe6B,57,0.575,0.818,-4.878,0.521,0.0112,0.0266,0.0,77.983,"['dance pop', 'pop', 'post-teen pop']",2Hjj68yyUPiC0HKEOigcEp
174,70yhaHLp9STtzI2Kzba6Tr,64,0.654,0.578,-6.897,0.233,0.546,0.449,0.0,143.867,['pop'],66CXWjxzNUsdJxJ2JdwvnR
175,3Z6Wk99CMlF40rzqaPfx0v,0,0.844,0.151,-13.833,0.359,0.6,0.041,4.81e-05,110.046,"['v-pop', 'vietnamese singer-songwriter']",2xK6qcvfXuFFbU0NL95aeo
176,1HDrKXya87GMQfAGPlqNS9,0,0.564,0.592,-9.458,0.427,0.525,0.0449,0.0199,147.941,['v-pop'],7gJkNlcHtpuOhvl1FIDK1y
177,2aNe7lGxOSUEpeCUYMPHGN,34,0.777,0.558,-6.578,0.289,0.257,0.0664,0.0,125.572,"['soul flow', 'west coast trap']",6TlLdicGl92pqnySP64n2g
178,2vRDFgdJiILUdDOLL8hLH3,50,0.734,0.699,-6.689,0.5,0.349,0.0614,0.0,109.979,['asian american hip hop'],1AhjOkOLkbHUfcHDSErXQs
179,5IaHrVsrferBYDm0bDyABy,73,0.884,0.559,-7.442,0.342,0.0236,0.12,0.0,97.994,"['hip hop', 'pop rap', 'rap', 'trap']",5LHRHt1k9lMyONurDHEdrp
180,20Irf8obthJnYxH7S3wfHn,0,0.568,0.883,-4.512,0.299,0.0865,0.0802,0.000115,91.026,"['british soul', 'talent show', 'uk pop']",4fwuXg6XQHfdlOdmw36OHa
181,5nA67Y0XX9JipZwYxX7Gl7,0,0.687,0.409,-7.751,0.16,0.71,0.0311,0.0,111.861,['pop'],1Hsdzj7Dlq2I7tHP7501T4
182,5CM4UuQ9Gnd6K2YyKGPMoK,86,0.686,0.507,-7.097,0.69,0.626,0.0357,7.51e-05,168.955,['afrofuturism'],57vWImR43h4CaDao012Ofp
183,34ceTg8ChN5HjrqiIYCn9Q,77,0.673,0.683,-5.693,0.713,0.522,0.115,0.0,171.86,"['dance pop', 'pop', 'r&b', 'urban contemporary']",21E3waRsmPlU7jZsS13rcj
184,0P6RjFd2HgG2AXJadQuGfE,53,0.776,0.715,-6.587,0.502,0.0971,0.0505,0.0131,99.951,"['edm', 'electro house', 'tropical house']",28j8lBWDdDSHSSt5oPlsX2
185,5Q77F62i7cm9X88azmIYg2,35,0.516,0.322,-6.641,0.179,0.845,0.0321,0.0,137.906,"['k-rock', 'korean pop']",0pfVDTchnVMBTzGylIuJNa
186,6PQ88X9TkUIAUIZJHW2upE,22,0.808,0.897,-3.712,0.591,0.0469,0.0348,3.14e-05,126.026,"['pop', 'uk pop']",6eUKZXaKkcviH0Ku9w2n3V
187,2IY7eOUDjw2ArKYxKa2jXc,1,0.682,0.592,-7.033,0.5,0.169,0.281,5.49e-06,186.041,"['canadian contemporary r&b', 'canadian pop', 'pop']",1Xyo4u8uXC1ZmMpatF05PJ
188,6JrOY3B8XchpB7gtQTWmoI,0,0.322,0.418,-8.405,0.116,0.699,0.0378,0.0,132.037,['indie anthem-folk'],26GHRG8x1F4AzbCKzUaIbw
189,7oVEtyuv9NBmnytsCIsY5I,76,0.585,0.972,-4.45,0.585,0.0143,0.0534,0.0,110.006,"['alternative metal', 'modern rock', 'nu metal', 'post-grunge', 'rap metal', 'rock']",6XyY86QOPPrYVGvF9ch6wz
190,6TaqooOXAEcijL6G1AWS2K,71,0.681,0.521,-5.849,0.181,0.12,0.141,8.41e-05,94.997,"['electropop', 'tropical house', 'uk dance']",2FwJwEswyIUAljqgjNSHgP
191,7CZyCXKG6d5ALeq41sLzbw,76,0.499,0.8,-2.665,0.272,0.0906,0.0502,0.0,139.919,"['dfw rap', 'melodic rap', 'pop', 'rap']",246dkjvS1zLTtiykXe5h60
192,73U20lYCzqwGLLk4V7u3ul,25,0.483,0.329,-7.407,0.312,0.956,0.0503,0.0,128.459,"['alternative r&b', 'british soul', 'indie soul', 'neo soul', 'pop soul', 'soul']",2RP4pPHTXlQpDnO9LvR7Yt
193,3u5bTqHMM1P34ZkbwzdckV,6,0.614,0.126,-9.403,0.351,0.911,0.0376,0.0,119.945,['pop'],5JZ7CnR6gTvEMKX4g70Amv
194,52wTKeWYVIAtSESw0haRB1,0,0.524,0.505,-8.256,0.306,0.0121,0.275,1.28e-06,189.978,"['canadian hip hop', 'canadian trap', 'melodic rap', 'r&b', 'rap', 'toronto rap', 'trap']",2jku7tDXc6XoB6MO2hFuqg
195,0TRmtiR9q6XnYDzXmoMpGC,65,0.609,0.668,-4.515,0.212,0.287,0.0308,0.0104,82.975,['electro'],2DYDFBqoaBP2i9XrTGpOgF
196,4MPTj8lMMvxLwT3EwuXFop,1,0.449,0.599,-4.892,0.165,0.211,0.0369,0.0,134.144,"['canadian contemporary r&b', 'canadian pop', 'pop']",1Xyo4u8uXC1ZmMpatF05PJ
197,0pWoTbjdFZrB4hPbNDOPzh,0,0.254,0.657,-4.995,0.352,0.19,0.0385,0.0,151.045,['pop'],5YGY8feqx7naU7z4HrwZM6
198,4qWCFTuNnmGNdY4egtb4ZY,64,0.652,0.643,-5.667,0.109,0.318,0.0353,2.87e-06,104.932,"['dfw rap', 'melodic rap', 'pop', 'rap']",246dkjvS1zLTtiykXe5h60
199,0MrRAUcB8AZiB9ue2VOBYe,65,0.606,0.775,-4.269,0.307,0.262,0.0671,0.0,164.02,"['dfw rap', 'melodic rap', 'pop', 'rap']",246dkjvS1zLTtiykXe5h60
200,6A1Fp35pdTxUD5mb5BpjJE,0,0.503,0.226,-12.198,0.24,0.843,0.0416,0.0,160.046,['v-pop'],1dmaHHd1Xbd85cT1egYb4w
201,3cYuUgWTz0qBGnR877SJXd,23,0.576,0.75,-5.577,0.421,0.556,0.0525,0.0,160.079,[],6DUJlV5wLmdSISCoDL2GWe
202,2XhWx5K2hFm1lsKSWa71rg,0,0.782,0.572,-7.467,0.244,0.0516,0.0385,0.0,120.021,"['melodic rap', 'mississippi hip hop', 'rap', 'trap']",7iZtZyCzp3LItcw1wtPI3D
203,4GFJRLgxy4chyfWqfPTJaI,0,0.849,0.613,-4.796,0.673,0.0566,0.0715,0.0,94.75,"['dance pop', 'pop rap', 'reggae fusion']",5EvFsr3kj42KNv97ZEnqij
204,1CIR7UAbM5j9hcThZS8Dkz,44,0.674,0.474,-6.662,0.448,0.523,0.0374,2.41e-05,132.968,"['indie viet', 'rock viet', 'v-pop', 'vietnamese singer-songwriter']",57g2v7gJZepcwsuwssIfZs
205,7vLmaFUyjnRDItdkBEo9Rf,0,0.651,0.576,-9.159,0.51,0.682,0.0323,0.0,89.987,['v-pop'],0UzTVrRT0KTsJDxmlcGfQG
206,7auzpFwCwJhgwkQ8jQdtWb,41,0.246,0.0735,-24.199,0.0378,0.994,0.0675,0.894,66.541,"['classical guitar', 'latin classical', 'mexican classical']",3sam97auWZppQpYU1HWNxK
207,63q4o5Nh1ykbhdo4rKEW9c,52,0.743,0.445,-8.663,0.353,0.287,0.0555,0.0,96.023,['v-pop'],1L1VfizWn4DkFt602yD80U
208,1iIhGHzzrzqQfuNkFI2qAn,68,0.874,0.787,-2.416,0.896,0.118,0.129,0.0,108.007,"['k-pop', 'korean r&b']",4XpUIb8uuNlIWVKmgKZXC0
209,1JS8UaOCMIiw1DKXzxGivM,41,0.849,0.722,-4.776,0.285,0.374,0.0361,2.91e-05,128.007,['vietnamese hip hop'],2OkxNsNz7QXCBwlME0fSsk
210,32nainF4TXsMpuFOGCkzzM,61,0.674,0.649,-5.869,0.6,0.285,0.0451,0.0585,86.985,"['c-pop', 'mandopop', 'taiwan pop', 'zhongguo feng']",2elBjNSdBE2Y3f0j1mjrql
211,4NpDZPwSXmL0cCTaJuVrCw,69,0.679,0.522,-5.603,0.445,0.297,0.0427,0.0,60.014,"['chicago rap', 'pop rap', 'r&b', 'southern hip hop', 'trap', 'urban contemporary']",3KV3p5EY4AvKxOlhGHORLg
212,2XjbfQQZlPwOMTmJR2RLfC,44,0.647,0.624,-4.169,0.176,0.54,0.0397,0.0,136.036,"['danish pop', 'scandipop']",25u4wHJWxCA9vO0CzxAbK7
213,6NGjqgECIVBR9KZTlgs0ik,31,0.737,0.641,-6.398,0.328,0.719,0.117,0.0,85.976,"['indie viet', 'v-pop', 'vietnamese hip hop']",6zUWZmyi5MLOEynQ5wCI5f
214,7py16W5fWYLFFS6BElKAjn,59,0.605,0.77,-3.645,0.298,0.0431,0.0446,0.0,130.037,"['pop', 'uk dance', 'uk funky']",6MDME20pz9RveH9rEXvrOM
215,25h0TqC9H3BcMA7KjK5nHK,68,0.56,0.42,-10.729,0.585,0.882,0.257,0.000605,173.695,['v-pop'],6d0dLenjy5CnR5ZMn2agiV
216,1xzi1Jcr7mEi9K2RfzLOqS,89,0.78,0.689,-5.668,0.642,0.0368,0.141,9.69e-06,115.042,"['pop', 'r&b']",6vWDO969PvNqNYHIOW5v0m
217,0SmQ0UWeiHKQtxUej4Rem6,56,0.67,0.618,-5.467,0.251,0.128,0.0377,0.0,147.015,['v-pop'],6CGGvCBHWqQ4HXtn5aLhbh
218,0gplL1WMoJ6iYaPgMCL0gX,84,0.604,0.366,-7.519,0.13,0.578,0.0282,0.0,141.981,"['british soul', 'pop', 'pop soul', 'uk pop']",4dpARuHxo51G3z768sgnrY
219,2aksifNn5ph8igDOkPBA02,0,0.509,0.637,-4.83,0.378,0.0717,0.0471,1.08e-05,172.006,"['barbadian pop', 'pop', 'urban contemporary']",5pKCCKE2ajJHZ9KAiaK11H
220,4jK1VQQGDnNOLfyVXCxGsR,48,0.563,0.414,-11.409,0.446,0.0298,0.37,0.0,193.549,"['pop rap', 'r&b', 'rap', 'southern hip hop', 'trap']",67nwj3Y5sZQLl72VNUHEYE
221,4fBZ8DOoxcZeEl7GyQdnUF,45,0.59,0.548,-8.491,0.552,0.837,0.026,0.0411,130.106,"['indie viet', 'rock viet', 'v-pop', 'vietnamese singer-songwriter']",57g2v7gJZepcwsuwssIfZs
222,4i2qxFEVVUi8yOYoxB8TCX,79,0.699,0.805,-5.535,0.232,0.00161,0.0345,0.00177,109.976,['pop'],5YGY8feqx7naU7z4HrwZM6
223,4QeoDcR16IHpmmgFGQDrCp,55,0.72,0.727,-3.882,0.481,0.0556,0.0489,0.0,99.994,"['piano rock', 'pop']",5Pwc4xIPtQLFEnJriah9YJ
224,3LGxef3inmn5jMLGDz9lqw,0,0.69,0.524,-8.39,0.562,0.0415,0.103,3.16e-06,164.023,"['british soul', 'pop', 'pop soul', 'uk pop']",4dpARuHxo51G3z768sgnrY
225,7oK9VyNzrYvRFo7nQEYkWN,9,0.356,0.924,-3.74,0.232,0.00101,0.0808,0.0,148.017,"['alternative rock', 'dance rock', 'modern rock', 'permanent wave', 'rock']",0C0XlULifJtAgn6ZNCW2eu
226,376KnY4TrgBITxjlnbnmIy,58,0.875,0.673,-4.184,0.231,0.135,0.0932,0.0,130.0,"['southern hip hop', 'trap']",1Zatb2YN4erBOoSivOXc0o
227,6iXGivPFpsqKmrINhIbPvx,60,0.704,0.542,-4.663,0.386,0.476,0.0307,0.000196,97.006,"['v-pop', 'vietnamese hip hop', 'vietnamese singer-songwriter']",7H9jPV9qWyp6V629038aXU
228,0azC730Exh71aQlOt9Zj3y,84,0.631,0.927,-2.787,0.465,0.199,0.0332,0.119,123.962,"['dance pop', 'edm', 'electro house', 'house', 'pop', 'progressive house', 'uk dance']",7CajNmpbOovFoOoasH2HaY
229,65NwOZqoXny4JxqAPlfxRF,0,0.74,0.558,-8.115,0.421,0.566,0.102,0.0,140.057,"['dfw rap', 'melodic rap', 'pop', 'rap']",246dkjvS1zLTtiykXe5h60
230,0bzbvANY6oETSJLc0wlVGY,12,0.359,0.543,-7.582,0.453,0.492,0.0915,1.57e-05,68.504,['pop'],06HL4z0CvFAxyc27GXpf02
231,3hFG4jR5stnIQJDI64KlJY,0,0.632,0.732,-3.498,0.317,0.105,0.092,1.15e-05,159.0,"['dfw rap', 'melodic rap', 'pop', 'rap']",246dkjvS1zLTtiykXe5h60
232,3ebXMykcMXOcLeJ9xZ17XH,78,0.584,0.54,-7.786,0.195,0.0895,0.0576,0.0,137.972,"['dutch edm', 'edm', 'pop', 'pop dance', 'progressive house']",60d24wfXkVzDSfLS6hyCjZ
233,2m6Ko3CY1qXNNja8AlugNc,78,0.559,0.559,-6.425,0.338,0.0145,0.0358,0.0,72.498,"['australian pop', 'pop', 'viral pop']",3WGpXCj9YhhfX11TToZcXP
234,2bKhIGdMdcqCqQ2ZhSv5nE,0,0.564,0.737,-4.079,0.211,0.0175,0.0414,0.0,104.764,"['edm', 'electronic trap', 'pop', 'pop dance']",540vIaP2JwjQb9dm3aArA4
235,3b34161QoxLwsqhWSPy9i5,61,0.676,0.4,-10.771,0.347,0.855,0.0405,2.71e-06,90.028,"['indie viet', 'v-pop', 'vietnamese hip hop']",6zUWZmyi5MLOEynQ5wCI5f
236,3HVr6jTVwBHBa2flM0eURR,0,0.731,0.794,-5.126,0.356,0.0323,0.0522,2.59e-05,139.994,"['pop rap', 'seattle hip hop']",3JhNCzhSMTxs9WLGJJxWOY
237,5aaY8s8X72TDkuNutmWqgl,40,0.689,0.839,-7.691,0.512,0.0384,0.0331,2.6e-06,120.05,"['v-pop', 'vietnamese hip hop']",4w5vfLTFKwpd16ZzmYwcXA
238,6OGogr19zPTM4BALXuMQpF,69,0.748,0.74,-6.01,0.518,0.0107,0.0484,2.18e-05,121.004,"['canadian contemporary r&b', 'canadian pop', 'pop']",1Xyo4u8uXC1ZmMpatF05PJ
239,4ckuS4Nj4FZ7i3Def3Br8W,67,0.806,0.558,-6.538,0.26,0.00496,0.172,1.45e-06,85.011,"['canadian hip hop', 'canadian pop', 'hip hop', 'rap', 'toronto rap']",3TVXtAsR1Inumwj472S9r4
240,1huvTbEYtgltjQRXzrNKGi,73,0.806,0.608,-7.008,0.849,0.0113,0.0659,0.0,95.049,"['pop', 'uk pop']",6eUKZXaKkcviH0Ku9w2n3V
241,3lp9ykWetDT0QVEXKVcCa3,34,0.622,0.81,-4.547,0.585,0.0182,0.25,0.0,179.611,[],0B3N0ZINFWvizfa8bKiz4v
242,32lmL4vQAAotg6MrJnhlQZ,0,0.725,0.534,-6.238,0.558,0.0752,0.0946,0.0,91.974,"['barbadian pop', 'pop', 'urban contemporary']",5pKCCKE2ajJHZ9KAiaK11H
243,65uxT4ZGe6eOABj1g5V2Fj,49,0.818,0.606,-8.537,0.523,0.676,0.0395,0.00016,127.049,['v-pop'],1nX1HVIUo1Zfs3e2v3lFb9
244,1WIfWj5skn5UUZTs4cEFBe,54,0.799,0.436,-9.975,0.311,0.283,0.379,0.000105,80.028,"['pop', 'pop r&b']",6LuN9FCkKOj5PcnpouEgny
245,0MiTD6OptaqpwrDeLHZsq6,45,0.307,0.367,-8.476,0.395,0.708,0.0337,4.16e-05,66.68,['korean pop'],4EPYWwU4c8eG2GzD7MenUA
246,7oHijHxh7cI40fNC4S619V,50,0.674,0.413,-8.051,0.206,0.715,0.0351,6.64e-05,139.976,['alt z'],4xnihxcoXWK3UqryOSnbw5
247,4IhKLu7Vk3j2TLmnFPl6To,77,0.723,0.504,-5.572,0.551,0.388,0.0392,7.4e-05,133.975,"['alt z', 'pop', 'pov: indie']",5IH6FPUwQTxPSXurCrcIov
248,0pdKRp2sUthTPe7RLWpPqQ,73,0.713,0.452,-9.638,0.235,0.841,0.0295,0.0038,102.963,"['indie pop', 'scandipop', 'swedish indie folk']",6GpcBKNmZDIrRzYkPJu7Wd
249,6bzwoiUt0s1KDOedyy4OtQ,62,0.531,0.683,-4.093,0.212,0.135,0.333,0.00265,84.817,"['hip pop', 'pop', 'queens hip hop', 'rap']",0hCNtLu0JehylgoiP8L4Gh
250,73fFRs03s0gtjggfMW213L,60,0.848,0.432,-10.262,0.656,0.761,0.0385,2.5e-05,120.0,"['indie viet', 'v-pop', 'vietnamese singer-songwriter']",2knyDFP4xw9wZEWA98JX6b
251,2hgzdQdnfWwtdpZbhZlV72,73,0.757,0.678,-5.529,0.82,0.0472,0.233,9.14e-06,120.075,"['dance pop', 'pop', 'urban contemporary']",2DlGxzQSjYe5N6G9nkYghR
252,0zCGKGZB5aySnQQSHWRGIT,59,0.613,0.5,-8.349,0.342,0.547,0.0277,0.000181,99.998,['v-pop'],2CLdtsyD2NsTOBBOVr7fi8
253,1QNoKVgA758HFLu3TW2q7R,62,0.757,0.884,-5.488,0.398,0.00795,0.0404,5.87e-05,120.012,"['pop', 'post-teen pop']",0C8ZW7ezQVs4URX5aX7Kqx
254,37FXw5QGFN7uwwsLy8uAc0,70,0.728,0.563,-8.053,0.352,0.621,0.134,0.0,100.017,"['pop', 'viral pop']",6VuMaDnrHyPL1p4EHjYLi7
255,3bH4HzoZZFq8UpZmI2AMgV,1,0.828,0.689,-7.878,0.853,0.325,0.0326,0.0384,123.931,"['neo mellow', 'singer-songwriter']",0hEurMDQu99nJRq8pTxO14
256,3Vo4wInECJQuz9BIBMOu8i,75,0.704,0.859,-4.877,0.926,0.0185,0.0996,0.0,105.115,"['dance pop', 'pop']",0du5cEVh5yTK9QJze8zA0C
257,7GxSshyjKx46dlIV2UoVrc,0,0.82,0.276,-9.715,0.332,0.85,0.0418,0.0,97.39,"['indie viet', 'v-pop', 'vietnamese hip hop', 'vietnamese trap']",1LEtM3AleYg1xabW6CRkpi
258,1SJtlNRJDeYHioymcvsqev,71,0.334,0.617,-5.834,0.603,0.334,0.383,0.0,85.227,"['dance pop', 'pop']",4nDoRrQiYLoBzwC5BhVJzF
259,4HLnKxeTmOuyD81L4lX3t7,40,0.518,0.673,-10.083,0.171,0.407,0.04,8.45e-05,83.016,['irish pop'],25tMQOrIU4LlUo6Sv8v5SE
260,0GONea6G2XdnHWjNZd6zt3,83,0.508,0.834,-6.205,0.774,0.0183,0.0386,0.0,139.131,"['canadian pop', 'canadian singer-songwriter', 'classic canadian rock', 'heartland rock', 'mellow gold', 'soft rock']",3Z02hBLubJxuFJfhacLSDc
261,2VxeLyX666F8uXCJ0dZF8B,85,0.572,0.385,-6.362,0.323,0.371,0.0308,0.0,95.799,"['art pop', 'dance pop', 'pop']",1HY2Jd0NmPuamShAr6KMms
262,31MkGwj0SWgZaTvEt5Hgxv,57,0.386,0.594,-6.186,0.187,0.0252,0.0566,3.19e-06,113.756,"['dance pop', 'pop']",1KCSPY1glIKqW2TotWuXOR
263,68HocO7fx9z0MgDU0ZPHro,79,0.628,0.676,-4.227,0.723,0.393,0.0424,6.94e-05,78.996,['indonesian r&b'],2kxP07DLgs4xlWz8YHlvfh
264,1Hohk6AufHZOrrhMXZppax,76,0.545,0.641,-6.398,0.464,0.00453,0.0998,6.59e-05,121.892,"['pop', 'r&b']",6vWDO969PvNqNYHIOW5v0m
265,21jGcNKet2qwijlDFuPiPb,87,0.695,0.762,-3.497,0.553,0.192,0.0395,0.00244,120.042,"['dfw rap', 'melodic rap', 'pop', 'rap']",246dkjvS1zLTtiykXe5h60
266,5hkdfA87RZvNaxl6XiveOA,66,0.515,0.835,-3.564,0.457,0.00146,0.0293,0.000235,94.015,"['neo mellow', 'piano rock', 'pop rock']",53A0W3U0s8diEn9RhXQhVz
267,1ivCIgrYZyE0BvItL4Z8lk,64,0.59,0.572,-7.658,0.448,0.192,0.0379,0.0,179.989,"['c-pop', 'mandopop', 'taiwan pop', 'zhongguo feng']",2elBjNSdBE2Y3f0j1mjrql
268,7ef4DlsgrMEH11cDZd32M6,87,0.791,0.862,-3.24,0.592,0.037,0.11,2.19e-05,123.994,"['dance pop', 'edm', 'electro house', 'house', 'pop', 'progressive house', 'uk dance']",7CajNmpbOovFoOoasH2HaY
269,2dMJG9mGhuRePUKPvWBtei,0,0.772,0.814,-5.894,0.554,0.406,0.13,0.0,92.981,"['canadian contemporary r&b', 'canadian pop', 'pop']",1Xyo4u8uXC1ZmMpatF05PJ
270,1KGi9sZVMeszgZOWivFpxs,82,0.743,0.675,-4.267,0.59,0.0251,0.0953,0.000717,92.909,"['atl hip hop', 'contemporary r&b', 'dance pop', 'girl group', 'hip pop', 'r&b', 'urban contemporary']",0TImkz4nPqjegtVSMZnMRq
271,7opF2QJ8gzlxbV0eBIqszE,58,0.757,0.656,-6.285,0.502,0.211,0.0367,1.81e-06,105.99,"['v-pop', 'vietnamese hip hop']",5HZtdKfC4xU0wvhEyYDWiY
272,29he0Joo5sz2607A6ZBT6H,67,0.612,0.423,-8.062,0.18,0.588,0.0508,0.0,135.841,"['r&b', 'rap']",3Y7RZ31TRPVadSFVy1o8os
273,7noud145AHZGg74vpWOsCa,0,0.717,0.605,-5.68,0.387,0.214,0.075,0.0,81.047,"['r&b', 'rap', 'uk contemporary r&b']",7HkdQ0gt53LP4zmHsL0nap
274,4xigPf2sigSPmuFH3qCelB,77,0.603,0.615,-4.931,0.561,0.0799,0.165,6.72e-05,158.657,"['australian dance', 'australian pop', 'pop']",5WUlDfRSoLAfcVSX1WnrxN
275,4wCD0qOFNRu1Q6O3N6ycm4,68,0.57,0.664,-4.718,0.487,0.00836,0.0322,1.2e-05,162.084,"['idol', 'lds youth', 'post-teen pop', 'viral pop']",2C9n4tQgNLhHPhSCmdsQnk
276,02M6vucOvmRfMxTXDUwRXu,70,0.747,0.705,-5.137,0.56,0.0128,0.126,0.0,136.024,"['pop', 'r&b']",6vWDO969PvNqNYHIOW5v0m
277,6WLS56xiRrXjSm9RSdL3zD,0,0.583,0.732,-5.728,0.276,0.00312,0.0457,9.86e-06,145.992,"['pop', 'scandipop', 'swedish electropop', 'swedish pop']",1Xylc3o4UrD53lo9CvFvVg
278,688QpQAwqsLdBR6lr13wK1,65,0.731,0.774,-5.273,0.219,0.434,0.0555,3.34e-06,100.005,"['dfw rap', 'melodic rap', 'pop', 'rap']",246dkjvS1zLTtiykXe5h60
279,6DBu5cPU7bY6Ef28wFM4Ty,0,0.609,0.857,-4.756,0.683,0.586,0.0416,5.44e-06,102.002,['vietnamese hip hop'],6S0JgJU2l6ds1EhZUJMQFk
280,27NovPIUIRrOZoCHxABJwK,83,0.736,0.704,-7.409,0.894,0.0203,0.0615,0.0,149.995,['lgbtq+ hip hop'],7jVv8c5Fj3E9VhNjxT4snq
281,0ibp5h8QATkvC6P5cO5TUV,56,0.786,0.412,-8.717,0.537,0.749,0.0523,0.00249,119.897,['v-pop'],2aMo0CYbTieTisS0BlWc59
282,2VjtYe7gpfUi2OkGxR2O2z,0,0.767,0.671,-6.416,0.474,0.21,0.142,1.12e-05,128.072,['pop'],06HL4z0CvFAxyc27GXpf02
283,27SdWb2rFzO6GWiYDBTD9j,79,0.628,0.698,-5.608,0.732,0.0472,0.105,0.00143,89.976,"['australian dance', 'australian pop', 'pop']",5WUlDfRSoLAfcVSX1WnrxN
284,3Wrjm47oTz2sjIgck11l5e,85,0.714,0.8,-4.808,0.589,0.127,0.0504,0.0,134.002,"['indie rock italiano', 'italian pop', 'pop']",0lAWpj5szCSwM4rUMHYmrr
285,1Pw5C4N6Fn5E4mGCxmbbVa,70,0.4,0.564,-7.444,0.483,0.693,0.0523,0.0,99.269,"['pop', 'talent show', 'uk pop']",4IWBUUAFIplrNtaOHcJPRM
286,1D2L6MefbXon28PzIk9I3r,72,0.798,0.733,-4.811,0.861,0.265,0.0476,1.25e-06,146.046,"['dfw rap', 'melodic rap', 'pop', 'rap']",246dkjvS1zLTtiykXe5h60
287,7uoFMmxln0GPXQ0AcCBXRq,77,0.716,0.512,-6.257,0.326,0.483,0.0331,0.0,104.957,"['australian dance', 'australian pop', 'pop']",5WUlDfRSoLAfcVSX1WnrxN
288,5Cbc3v4DKzrwQAv3hlA9Hn,7,0.655,0.727,-5.478,0.56,0.231,0.046,0.0,113.011,['pop'],6Dd3NScHWwnW6obMFbl1BH
289,5uAeahijdsH6Pu4es1OVCt,46,0.58,0.443,-7.323,0.576,0.75,0.0498,0.0,175.938,"['pop', 'viral pop']",6VuMaDnrHyPL1p4EHjYLi7
290,38T0tPVZHcPZyhtOcCP7pF,85,0.637,0.715,-4.971,0.308,0.148,0.0455,0.0,141.872,['lgbtq+ hip hop'],7jVv8c5Fj3E9VhNjxT4snq
291,2k9N4caeCIJLOWwWwssrEM,10,0.772,0.256,-8.545,0.357,0.491,0.0481,0.00612,118.902,[],0hDjKSKjl1DC7ovYTDJHe8
292,0KQx6HOpJueiSkztcS0r7D,72,0.652,0.609,-7.519,0.482,0.263,0.037,0.00101,95.986,"['neo soul', 'pop', 'r&b']",3DiDSECUqqY1AuBP8qtaIa
293,74iZuPGwyL33VlTr6jTnab,72,0.553,0.502,-5.972,0.296,0.299,0.0409,0.0,129.976,"['art pop', 'dance pop', 'pop']",1HY2Jd0NmPuamShAr6KMms
294,2IjyFRCRn8x1bEquOM3vxg,67,0.481,0.285,-10.848,0.316,0.9,0.0424,0.0,130.029,"['canadian pop', 'pop']",1uNFoZAHBGtllmzznpCI3s
295,2qDFvtnEcouMAKw6OKOlhB,0,0.589,0.694,-4.39,0.819,0.292,0.0258,0.0,175.987,['talent show'],0CrCKxXekxMpkYfMEf8mca
296,5HECcy1xFIH8RbCG813DgD,32,0.89,0.688,-4.861,0.216,0.052,0.069,1.24e-06,100.023,"['australian hip hop', 'dance pop', 'pop']",5yG7ZAZafVaAlMTeBybKAL
297,421leiR6jKlH5KDdwLYrOs,0,0.824,0.592,-6.4,0.54,0.693,0.0969,0.000158,98.074,['australian pop'],2NjfBq1NflQcKSeiDooVjY
298,7hQJA50XrCWABAu5v6QZ4i,75,0.563,0.865,-5.277,0.601,0.0472,0.16,0.000191,156.271,"['classic rock', 'glam rock', 'rock']",1dfeR4HaWDbWqFHLkxsg1d
299,6FtIK0IkmG33lKbc1pyAlZ,71,0.719,0.461,-8.191,0.548,0.279,0.0454,0.0,123.915,"['bedroom pop', 'pov: indie']",7pbDxGE6nQSZVfiFdq9lOL
300,2XaInsPPUkZRkY4uFJ3AHK,60,0.817,0.587,-6.502,0.352,0.052,0.108,0.00165,140.062,"['atl hip hop', 'dirty south rap', 'hip hop', 'rap', 'southern hip hop', 'trap']",13y7CgLHjMVRMDqxdx0Xdo
301,748mdHapucXQri7IAO8yFK,80,0.762,0.701,-3.541,0.742,0.235,0.0286,0.000158,110.968,"['dance pop', 'pop']",5cj0lLjcoR7YOSnhnX0Po5
302,1oHCgpheYhmhQbhCmbhpWn,0,0.409,0.686,-4.893,0.354,0.131,0.177,0.0,147.929,"['canadian pop', 'pop', 'viral pop']",7n2wHs1TKAczGzO7Dd2rGr
303,3EVBx6WnnMj0qGpcPHjECA,0,0.671,0.609,-5.02,0.375,0.0747,0.0508,0.0,120.054,"['alt z', 'norwegian pop', 'pop', 'uk pop']",3AVfmawzu83sp94QW7CEGm
304,1GHMXCmwvmiYuAOHwLBnZa,21,0.44,0.532,-8.594,0.11,0.0464,0.0285,0.000591,138.052,['indiecoustica'],6xbrnDxD4saadNP0lcoNOC
305,2LKI0fGEKR3RWAiY2jqq8k,0,0.737,0.707,-3.318,0.196,0.277,0.0386,0.305,114.972,['v-pop'],5fa13NJjmn2uQ3dxZDi2Ge
306,2dmOWlEHrP266Qgz6wnUrd,54,0.754,0.613,-6.342,0.904,0.318,0.229,0.0,113.196,"['pop', 'uk pop']",6eUKZXaKkcviH0Ku9w2n3V
307,1i1fxkWeaMmKEB4T7zqbzK,81,0.532,0.869,-5.094,0.422,0.157,0.172,0.00508,159.803,"['electropop', 'pop', 'tropical house']",69GGBxA162lTqCwzJG5jLp
308,5uOshbNqgCj1s4srEeQXOe,56,0.784,0.703,-5.128,0.351,0.687,0.0443,0.000273,106.038,['v-pop'],2aQnC3DbZB9GbauvhAw7ve
309,53jbdPQBaH6WaQvW0zmGBs,61,0.401,0.507,-7.001,0.236,0.549,0.089,0.0,180.159,"['alt z', 'indie pop', 'nyc pop']",6beUvFUlKliUYJdLOXNj9C
310,4TwVtW8hS5LyLoDtJGpUOg,62,0.554,0.589,-8.163,0.414,0.613,0.231,0.000257,74.982,['asian american hip hop'],1AhjOkOLkbHUfcHDSErXQs
311,16etWeo0rOinAg5lTy5hCD,34,0.497,0.425,-8.317,0.234,0.771,0.0325,1.11e-05,148.074,[],5iVjA1Of8CIToe69eg3EUQ
312,0KKkJNfGyhkQ5aFogxQAPU,85,0.853,0.56,-4.961,0.86,0.013,0.0406,0.0,134.066,"['dance pop', 'pop']",0du5cEVh5yTK9QJze8zA0C
313,1HfMVBKM75vxSfsQ5VefZ5,27,0.505,0.34,-9.005,0.0916,0.576,0.0438,0.0,101.993,"['pop', 'post-teen pop']",0C8ZW7ezQVs4URX5aX7Kqx
314,2VdT56BGpdqNHUgOe1j5vc,69,0.599,0.571,-4.998,0.285,0.198,0.0665,0.0,151.974,"['dfw rap', 'melodic rap', 'pop', 'rap']",246dkjvS1zLTtiykXe5h60
315,2vXKRlJBXyOcvZYTdNeckS,85,0.658,0.671,-12.21,0.166,0.0933,0.0363,0.000927,100.966,['dark clubbing'],3hteYQFiMFbJY7wS0xDymP
316,4jTiyLlOJVJj3mCr7yfPQD,79,0.732,0.69,-4.992,0.758,0.291,0.134,0.0,143.072,"['melodic rap', 'mississippi hip hop', 'rap', 'trap']",7iZtZyCzp3LItcw1wtPI3D
317,2K7xn816oNHJZ0aVqdQsha,86,0.575,0.568,-5.509,0.37,0.0484,0.03,0.000417,93.986,"['modern alternative rock', 'modern rock', 'pop', 'pov: indie']",77SW9BnxLY8rJ0RciFqkHh
318,0lYBSQXN6rCTvUZvg9S0lU,84,0.649,0.716,-5.371,0.163,0.0863,0.0349,2.63e-05,99.988,"['edm', 'electronic trap', 'pop', 'pop dance']",540vIaP2JwjQb9dm3aArA4
319,7y7w4tl4MaRC2UMEj1mPtr,0,0.625,0.814,-5.181,0.535,0.0172,0.0657,0.0,144.991,"['chicago rap', 'melodic rap', 'rap']",4MCBfE4596Uoi2O4DtmEMz
320,2JqnpexlO9dmvjUMCaLCLJ,66,0.55,0.415,-6.557,0.274,0.161,0.052,0.0,172.065,"['danish pop', 'scandipop']",25u4wHJWxCA9vO0CzxAbK7
321,6sHxpnCerm9M6A5zaFFNfs,5,0.317,0.545,-6.439,0.14,0.039,0.0469,0.0,139.014,['australian electropop'],7wLyGTO9vUS7ndlq4BvBGe
322,763v0n4szIsWp3HOsfi7qq,48,0.598,0.415,-7.081,0.299,0.199,0.0668,0.0,120.151,"['alt z', 'swedish electropop']",7eCmccnRwPmRnWPw61x6jM
323,3rOSwuTsUlJp0Pu0MkN8r8,48,0.833,0.434,-8.795,0.281,0.0102,0.431,0.0219,150.062,"['atl hip hop', 'hip hop', 'rap', 'southern hip hop', 'trap']",1RyvyyTE3xzB2ZywiAwp0i
324,7osBjxxoPSCceUMdkyFh9O,55,0.749,0.53,-5.251,0.332,0.0287,0.0386,0.0,93.869,"['pop r&b', 'r&b']",7ibAWtDtmEfaVhc1FJ3Vl9
325,3JvrhDOgAt6p7K8mDyZwRd,82,0.484,0.731,-6.694,0.51,0.431,0.0379,0.0,101.654,"['folk-pop', 'modern rock']",10exVja0key0uqUkk6LJRT
326,1DSLYPSZ2w6hXIoPxmgq07,0,0.693,0.355,-6.902,0.632,0.502,0.0296,3.91e-06,75.024,['pop'],6Dd3NScHWwnW6obMFbl1BH
327,4iJyoBOLtHqaGxP12qzhQI,84,0.677,0.696,-6.181,0.464,0.321,0.119,0.0,90.03,"['canadian pop', 'pop']",1uNFoZAHBGtllmzznpCI3s
328,463CkQjx2Zk1yXoBuierM9,76,0.702,0.825,-3.787,0.915,0.00883,0.0601,0.0,102.977,"['dance pop', 'pop', 'uk pop']",6M2wZ9GZgrQXHCFfjv46we
329,78V3IWdq5QGnmZrI70qE5k,31,0.508,0.651,-4.838,0.601,0.0167,0.376,0.0,84.02,['viral pop'],1bqxdqvUtPWZri43cKHac8
330,0IKK48xF4eEdfofyaeKWWO,62,0.588,0.702,-4.271,0.429,0.104,0.0496,0.0,124.909,"['pop', 'uk pop']",5ZsFI1h6hIdQRw2ti0hz81
331,6zSpb8dQRaw0M1dK8PBwQz,86,0.796,0.798,-6.312,0.942,0.034,0.0317,4.19e-05,116.032,"['glam rock', 'mellow gold', 'piano rock', 'rock']",3PhoLpVuITZKcymswpck5b
332,4Ba99csVDlRFQILO5cSi7I,31,0.34,0.255,-13.713,0.46,0.882,0.0611,6.38e-05,67.905,"['v-pop', 'vietnamese hip hop']",23xCr75lKvnFvKi8ImHE7S
333,3CRDbSIZ4r5MsZ0YwxuEkn,86,0.734,0.637,-5.677,0.648,0.0462,0.141,2.29e-05,169.977,"['modern rock', 'pop', 'pov: indie', 'rock']",3YQKmKGau1PzlVlkL1iodx
334,5oDMahI0iti1HG9RBzzlHS,32,0.733,0.432,-9.624,0.673,0.495,0.0292,0.0,95.988,['v-pop'],6CGGvCBHWqQ4HXtn5aLhbh
335,4MdDjLdv6rLf53WltCDBhW,32,0.803,0.835,-4.55,0.531,0.318,0.0689,0.0151,98.987,['v-pop'],2CLdtsyD2NsTOBBOVr7fi8
336,3AMxuq6id3YGB57eWeheZQ,61,0.959,0.508,-7.857,0.346,0.144,0.257,9.82e-05,107.998,"['afroswing', 'nottingham hip hop', 'uk hip hop']",6M6XXCcO5gI68XpIlrUL3Z
